league,name,position,team,prop,line,actual,result
NFL,Matt Prater,K,Arizona Cardinals,FG Made,1.5,3.0,Over
NFL,Justin Tucker,K,Baltimore Ravens,FG Made,1.5,6.0,Over
NFL,Kaimi Fairbairn,K,Houston Texans,FG Made,1.5,2.0,Over
NFL,Harrison Butker,K,Kansas City Chiefs,FG Made,1.5,4.0,Over
NFL,Brett Maher,K,Los Angeles Rams,FG Made,1.5,4.0,Over
NFL,Younghoe Koo,K,Atlanta Falcons,FG Made,1.5,1.0,Under
NFL,Jason Sanders,K,Miami Dolphins,FG Made,1.5,0.0,Under
NFL,Jake Elliott,K,Philadelphia Eagles,FG Made,1.5,0.0,Under
NFL,Courtland Sutton,WR,Denver Broncos,Fantasy Score,9.5,10.6,Over
NFL,Harrison Butker,K,Kansas City Chiefs,Fantasy Score,8.5,18.0,Over
NFL,Javonte Williams,RB,Denver Broncos,Fantasy Score,9.5,7.2,Under
NFL,Jerry Jeudy,WR,Denver Broncos,Fantasy Score,11.0,1.4,Under
NFL,Russell Wilson,QB,Denver Broncos,Fantasy Score,15.5,6.9,Under
NFL,Wil Lutz,K,Denver Broncos,Fantasy Score,6.5,0.0,Under
NFL,Isiah Pacheco,RB,Kansas City Chiefs,Fantasy Score,14.5,9.8,Under
NFL,Patrick Mahomes,QB,Kansas City Chiefs,Fantasy Score,22.0,17.34,Under
NFL,Rashee Rice,WR,Kansas City Chiefs,Fantasy Score,7.5,6.619497570000001,Under
NFL,Travis Kelce,TE,Kansas City Chiefs,Fantasy Score,16.5,12.4,Under
NFL,Lamar Jackson,QB,Baltimore Ravens,INT,0.5,1.0,Over
NFL,Josh Allen,QB,Buffalo Bills,INT,0.5,1.0,Over
NFL,Justin Fields,QB,Chicago Bears,INT,0.5,1.0,Over
NFL,Russell Wilson,QB,Denver Broncos,INT,0.5,2.0,Over
NFL,Patrick Mahomes,QB,Kansas City Chiefs,INT,0.5,1.0,Over
NFL,Jimmy Garoppolo,QB,Las Vegas Raiders,INT,0.5,1.0,Over
NFL,Jimmy Garoppolo,QB,Las Vegas Raiders,INT,0.5,1.0,Over
NFL,Ryan Tannehill,QB,Tennessee Titans,INT,0.5,1.0,Over
NFL,Tua Tagovailoa,QB,Miami Dolphins,INT,0.5,0.0,Under
NFL,Matt Prater,K,Arizona Cardinals,Kicking Points,6.5,9.0,Over
NFL,Justin Tucker,K,Baltimore Ravens,Kicking Points,6.5,18.0,Over
NFL,Cairo Santos,K,Chicago Bears,Kicking Points,5.5,7.0,Over
NFL,Kaimi Fairbairn,K,Houston Texans,Kicking Points,6.5,8.0,Over
NFL,Daniel Carlson,K,Las Vegas Raiders,Kicking Points,6.5,13.0,Over
NFL,Brett Maher,K,Los Angeles Rams,Kicking Points,7.5,14.0,Over
NFL,Greg Joseph,K,Minnesota Vikings,Kicking Points,6.5,7.0,Over
NFL,Blake Grupe,K,New Orleans Saints,Kicking Points,6.5,7.0,Over
NFL,Graham Gano,K,New York Giants,Kicking Points,5.0,9.0,Over
NFL,Younghoe Koo,K,Atlanta Falcons,Kicking Points,7.0,4.0,Under
NFL,Eddy Pineiro,K,Carolina Panthers,Kicking Points,4.5,3.0,Under
NFL,Evan McPherson,K,Cincinnati Bengals,Kicking Points,6.5,5.0,Under
NFL,Wil Lutz,K,Denver Broncos,Kicking Points,5.5,0.0,Under
NFL,Cameron Dicker,P,Los Angeles Chargers,Kicking Points,6.5,5.0,Under
NFL,Jason Sanders,K,Miami Dolphins,Kicking Points,7.5,6.0,Under
NFL,Chad Ryland,K,New England Patriots,Kicking Points,5.5,5.0,Under
NFL,Lamar Jackson,QB,Baltimore Ravens,Pass Attempts,29.5,30.0,Over
NFL,Patrick Mahomes,QB,Kansas City Chiefs,Pass Attempts,35.0,40.0,Over
NFL,Zach Wilson,QB,New York Jets,Pass Attempts,30.5,33.0,Over
NFL,Jalen Hurts,QB,Philadelphia Eagles,Pass Attempts,29.5,45.0,Over
NFL,Geno Smith,QB,Seattle Seahawks,Pass Attempts,32.5,41.0,Over
NFL,Justin Fields,QB,Chicago Bears,Pass Attempts,26.5,10.0,Under
NFL,Joe Burrow,QB,Cincinnati Bengals,Pass Attempts,36.5,35.0,Under
NFL,Russell Wilson,QB,Denver Broncos,Pass Attempts,32.5,22.0,Under
NFL,Kirk Cousins,QB,Minnesota Vikings,Pass Attempts,33.5,31.0,Under
NFL,Ryan Tannehill,QB,Tennessee Titans,Pass Attempts,30.5,16.0,Under
NFL,Lamar Jackson,QB,Baltimore Ravens,Pass Completions,19.5,21.0,Over
NFL,Zach Wilson,QB,New York Jets,Pass Completions,18.5,19.0,Over
NFL,Jalen Hurts,QB,Philadelphia Eagles,Pass Completions,19.5,28.0,Over
NFL,Geno Smith,QB,Seattle Seahawks,Pass Completions,20.5,27.0,Over
NFL,Justin Fields,QB,Chicago Bears,Pass Completions,16.5,6.0,Under
NFL,Joe Burrow,QB,Cincinnati Bengals,Pass Completions,24.5,24.0,Under
NFL,Russell Wilson,QB,Denver Broncos,Pass Completions,21.0,13.0,Under
NFL,Kirk Cousins,QB,Minnesota Vikings,Pass Completions,23.5,21.0,Under
NFL,Ryan Tannehill,QB,Tennessee Titans,Pass Completions,18.5,8.0,Under
NFL,Trevor Lawrence,QB,Jacksonville Jaguars,Pass TDs,1.5,2.0,Over
NFL,Kirk Cousins,QB,Minnesota Vikings,Pass TDs,1.5,1.0,Under
NFL,Joshua Dobbs,QB,Arizona Cardinals,Pass Yards,199.5,235.0,Over
NFL,Desmond Ridder,QB,Atlanta Falcons,Pass Yards,202.5,307.0,Over
NFL,Bryce Young,QB,Carolina Panthers,Pass Yards,216.5,217.0,Over
NFL,Dak Prescott,QB,Dallas Cowboys,Pass Yards,257.5,272.0,Over
NFL,Gardner Minshew,QB,Indianapolis Colts,Pass Yards,222.5,329.0,Over
NFL,Patrick Mahomes,QB,Kansas City Chiefs,Pass Yards,268.5,306.0,Over
NFL,Derek Carr,QB,New Orleans Saints,Pass Yards,216.5,353.0,Over
NFL,Jalen Hurts,QB,Philadelphia Eagles,Pass Yards,226.5,280.0,Over
NFL,Geno Smith,QB,Seattle Seahawks,Pass Yards,237.5,323.0,Over
NFL,Lamar Jackson,QB,Baltimore Ravens,Pass Yards,224.5,223.0,Under
NFL,Josh Allen,QB,Buffalo Bills,Pass Yards,265.5,169.0,Under
NFL,Justin Fields,QB,Chicago Bears,Pass Yards,192.5,58.0,Under
NFL,Joe Burrow,QB,Cincinnati Bengals,Pass Yards,271.5,185.0,Under
NFL,Russell Wilson,QB,Denver Broncos,Pass Yards,218.5,95.0,Under
NFL,CJ Stroud,QB,Houston Texans,Pass Yards,242.5,199.0,Under
NFL,Trevor Lawrence,QB,Jacksonville Jaguars,Pass Yards,252.5,181.0,Under
NFL,Jimmy Garoppolo,QB,Las Vegas Raiders,Pass Yards,235.5,162.0,Under
NFL,Justin Herbert,QB,Los Angeles Chargers,Pass Yards,281.5,227.0,Under
NFL,Matthew Stafford,QB,Los Angeles Rams,Pass Yards,279.5,226.0,Under
NFL,Tua Tagovailoa,QB,Miami Dolphins,Pass Yards,274.5,262.0,Under
NFL,Kirk Cousins,QB,Minnesota Vikings,Pass Yards,252.5,181.0,Under
NFL,Mac Jones,QB,New England Patriots,Pass Yards,209.5,200.0,Under
NFL,Zach Wilson,QB,New York Jets,Pass Yards,194.5,186.0,Under
NFL,Brock Purdy,QB,San Francisco 49ers,Pass Yards,238.5,125.0,Under
NFL,Baker Mayfield,QB,Tampa Bay Buccaneers,Pass Yards,231.5,206.0,Under
NFL,Ryan Tannehill,QB,Tennessee Titans,Pass Yards,209.5,76.0,Under
NFL,Sam Howell,QB,Washington Commanders,Pass Yards,240.5,151.0,Under
NFL,Desmond Ridder,QB,Atlanta Falcons,Pass+Rush Yds,214.5,325.0,Over
NFL,Lamar Jackson,QB,Baltimore Ravens,Pass+Rush Yds,270.5,285.0,Over
NFL,Gardner Minshew,QB,Indianapolis Colts,Pass+Rush Yds,233.5,333.0,Over
NFL,Patrick Mahomes,QB,Kansas City Chiefs,Pass+Rush Yds,294.5,337.0,Over
NFL,Jalen Hurts,QB,Philadelphia Eagles,Pass+Rush Yds,273.5,327.0,Over
NFL,Geno Smith,QB,Seattle Seahawks,Pass+Rush Yds,253.5,343.0,Over
NFL,Josh Allen,QB,Buffalo Bills,Pass+Rush Yds,295.5,180.0,Under
NFL,Bryce Young,QB,Carolina Panthers,Pass+Rush Yds,228.5,217.0,Under
NFL,Justin Fields,QB,Chicago Bears,Pass+Rush Yds,245.5,104.0,Under
NFL,Joe Burrow,QB,Cincinnati Bengals,Pass+Rush Yds,281.5,189.0,Under
NFL,Russell Wilson,QB,Denver Broncos,Pass+Rush Yds,238.5,126.0,Under
NFL,Trevor Lawrence,QB,Jacksonville Jaguars,Pass+Rush Yds,276.5,196.0,Under
NFL,Jimmy Garoppolo,QB,Las Vegas Raiders,Pass+Rush Yds,242.5,166.0,Under
NFL,Tua Tagovailoa,QB,Miami Dolphins,Pass+Rush Yds,282.5,262.0,Under
NFL,Kirk Cousins,QB,Minnesota Vikings,Pass+Rush Yds,257.5,176.0,Under
NFL,Mac Jones,QB,New England Patriots,Pass+Rush Yds,217.5,199.0,Under
NFL,Zach Wilson,QB,New York Jets,Pass+Rush Yds,212.5,201.0,Under
NFL,Ryan Tannehill,QB,Tennessee Titans,Pass+Rush Yds,221.5,76.0,Under
NFL,Travis Etienne,RB,Jacksonville Jaguars,Pass+Rush+Rec TDs,0.5,2.0,Over
NFL,Kyren Williams,RB,Los Angeles Rams,Pass+Rush+Rec TDs,0.5,1.0,Over
NFL,Tyreek Hill,WR,Miami Dolphins,Pass+Rush+Rec TDs,0.5,1.0,Over
NFL,DAndre Swift,RB,Philadelphia Eagles,Pass+Rush+Rec TDs,0.5,1.0,Over
NFL,Sam Howell,QB,Washington Commanders,Pass+Rush+Rec TDs,1.5,3.0,Over
NFL,Bijan Robinson,RB,Atlanta Falcons,Pass+Rush+Rec TDs,0.5,0.0,Under
NFL,Lamar Jackson,QB,Baltimore Ravens,Pass+Rush+Rec TDs,1.5,1.0,Under
NFL,Stefon Diggs,WR,Buffalo Bills,Pass+Rush+Rec TDs,0.5,0.0,Under
NFL,Justin Fields,QB,Chicago Bears,Pass+Rush+Rec TDs,1.5,0.0,Under
NFL,JaMarr Chase,WR,Cincinnati Bengals,Pass+Rush+Rec TDs,0.5,0.0,Under
NFL,Joe Mixon,RB,Cincinnati Bengals,Pass+Rush+Rec TDs,0.5,0.0,Under
NFL,Russell Wilson,QB,Denver Broncos,Pass+Rush+Rec TDs,1.5,1.0,Under
NFL,Isiah Pacheco,RB,Kansas City Chiefs,Pass+Rush+Rec TDs,0.5,0.0,Under
NFL,Patrick Mahomes,QB,Kansas City Chiefs,Pass+Rush+Rec TDs,2.5,1.0,Under
NFL,Travis Kelce,TE,Kansas City Chiefs,Pass+Rush+Rec TDs,0.5,0.0,Under
NFL,Josh Jacobs,RB,Las Vegas Raiders,Pass+Rush+Rec TDs,0.5,0.0,Under
NFL,Alvin Kamara,RB,New Orleans Saints,Pass+Rush+Rec TDs,0.5,0.0,Under
NFL,Ryan Tannehill,QB,Tennessee Titans,Pass+Rush+Rec TDs,1.0,0.0,Under
NFL,Riley Dixon,P,Denver Broncos,Punts,4.5,5.0,Over
NFL,Tommy Townsend,P,Kansas City Chiefs,Punts,3.5,3.0,Under
NFL,Bijan Robinson,RB,Atlanta Falcons,Receiving Yards,24.5,43.0,Over
NFL,Drake London,WR,Atlanta Falcons,Receiving Yards,44.5,125.0,Over
NFL,Kyle Pitts,TE,Atlanta Falcons,Receiving Yards,33.5,43.0,Over
NFL,Mark Andrews,TE,Baltimore Ravens,Receiving Yards,51.5,69.0,Over
NFL,Stefon Diggs,WR,Buffalo Bills,Receiving Yards,82.5,100.0,Over
NFL,Adam Thielen,WR,Carolina Panthers,Receiving Yards,57.5,115.0,Over
NFL,Joe Mixon,RB,Cincinnati Bengals,Receiving Yards,22.5,24.0,Over
NFL,Amari Cooper,WR,Cleveland Browns,Receiving Yards,59.5,108.0,Over
NFL,CeeDee Lamb,WR,Dallas Cowboys,Receiving Yards,70.5,117.0,Over
NFL,Courtland Sutton,WR,Denver Broncos,Receiving Yards,45.5,46.0,Over
NFL,Michael Pittman,WR,Indianapolis Colts,Receiving Yards,60.5,109.0,Over
NFL,Evan Engram,TE,Jacksonville Jaguars,Receiving Yards,40.5,41.0,Over
NFL,Travis Etienne,RB,Jacksonville Jaguars,Receiving Yards,20.5,28.0,Over
NFL,Isiah Pacheco,RB,Kansas City Chiefs,Receiving Yards,12.5,36.0,Over
NFL,Jerick McKinnon,RB,Kansas City Chiefs,Receiving Yards,13.5,20.0,Over
NFL,Rashee Rice,WR,Kansas City Chiefs,Receiving Yards,30.5,72.0,Over
NFL,Travis Kelce,TE,Kansas City Chiefs,Receiving Yards,65.5,124.0,Over
NFL,Josh Palmer,WR,Los Angeles Chargers,Receiving Yards,53.5,60.0,Over
NFL,Keenan Allen,WR,Los Angeles Chargers,Receiving Yards,78.5,85.0,Over
NFL,Cooper Kupp,WR,Los Angeles Rams,Receiving Yards,86.5,148.0,Over
NFL,Tyreek Hill,WR,Miami Dolphins,Receiving Yards,86.5,163.0,Over
NFL,Alexander Mattison,RB,Minnesota Vikings,Receiving Yards,16.5,28.0,Over
NFL,KJ Osborn,WR,Minnesota Vikings,Receiving Yards,40.5,48.0,Over
NFL,Ezekiel Elliott,RB,New England Patriots,Receiving Yards,9.5,15.0,Over
NFL,Kendrick Bourne,WR,New England Patriots,Receiving Yards,39.5,89.0,Over
NFL,Mike Gesicki,TE,New England Patriots,Receiving Yards,18.5,28.0,Over
NFL,Rhamondre Stevenson,RB,New England Patriots,Receiving Yards,13.5,24.0,Over
NFL,Alvin Kamara,RB,New Orleans Saints,Receiving Yards,28.5,36.0,Over
NFL,Chris Olave,WR,New Orleans Saints,Receiving Yards,56.5,96.0,Over
NFL,Rashid Shaheed,WR,New Orleans Saints,Receiving Yards,28.5,85.0,Over
NFL,Breece Hall,RB,New York Jets,Receiving Yards,14.5,54.0,Over
NFL,Garrett Wilson,WR,New York Jets,Receiving Yards,51.5,90.0,Over
NFL,AJ Brown,WR,Philadelphia Eagles,Receiving Yards,65.5,131.0,Over
NFL,DAndre Swift,RB,Philadelphia Eagles,Receiving Yards,16.5,40.0,Over
NFL,Dallas Goedert,TE,Philadelphia Eagles,Receiving Yards,37.5,42.0,Over
NFL,Brandon Aiyuk,WR,San Francisco 49ers,Receiving Yards,57.5,76.0,Over
NFL,DK Metcalf,WR,Seattle Seahawks,Receiving Yards,63.5,69.0,Over
NFL,Kenneth Walker I,RB,Seattle Seahawks,Receiving Yards,10.5,27.0,Over
NFL,Tyler Lockett,WR,Seattle Seahawks,Receiving Yards,50.5,94.0,Over
NFL,Derrick Henry,RB,Tennessee Titans,Receiving Yards,10.5,16.0,Over
NFL,Tyjae Spears,RB,Tennessee Titans,Receiving Yards,15.5,48.0,Over
NFL,Curtis Samuel,WR,Washington Commanders,Receiving Yards,34.5,42.0,Over
NFL,Terry McLaurin,WR,Washington Commanders,Receiving Yards,52.5,81.0,Over
NFL,Marquise Brown,WR,Arizona Cardinals,Receiving Yards,55.5,34.0,Under
NFL,Justice Hill,RB,Baltimore Ravens,Receiving Yards,9.5,0.0,Under
NFL,Zay Flowers,WR,Baltimore Ravens,Receiving Yards,55.5,50.0,Under
NFL,Gabriel Davis,WR,Buffalo Bills,Receiving Yards,43.5,0.0,Under
NFL,James Cook,RB,Buffalo Bills,Receiving Yards,16.5,0.0,Under
NFL,DJ Chark,WR,Carolina Panthers,Receiving Yards,32.5,26.0,Under
NFL,Hayden Hurst,TE,Carolina Panthers,Receiving Yards,20.5,16.0,Under
NFL,Jonathan Mingo,WR,Carolina Panthers,Receiving Yards,26.5,21.0,Under
NFL,Cole Kmet,TE,Chicago Bears,Receiving Yards,36.5,9.0,Under
NFL,DJ Moore,WR,Chicago Bears,Receiving Yards,59.5,51.0,Under
NFL,JaMarr Chase,WR,Cincinnati Bengals,Receiving Yards,85.5,80.0,Under
NFL,Brandon Johnson,WR,Denver Broncos,Receiving Yards,12.5,0.0,Under
NFL,Javonte Williams,RB,Denver Broncos,Receiving Yards,11.5,0.0,Under
NFL,Jerry Jeudy,WR,Denver Broncos,Receiving Yards,53.5,14.0,Under
NFL,Marvin Mims,WR,Denver Broncos,Receiving Yards,18.5,0.0,Under
NFL,Robert Woods,WR,Houston Texans,Receiving Yards,40.5,6.0,Under
NFL,Alec Pierce,WR,Indianapolis Colts,Receiving Yards,26.5,25.0,Under
NFL,Josh Downs,WR,Indianapolis Colts,Receiving Yards,42.5,21.0,Under
NFL,Calvin Ridley,WR,Jacksonville Jaguars,Receiving Yards,59.5,30.0,Under
NFL,Christian Kirk,WR,Jacksonville Jaguars,Receiving Yards,62.5,49.0,Under
NFL,Justin Watson,WR,Kansas City Chiefs,Receiving Yards,24.5,0.0,Under
NFL,Kadarius Toney,WR,Kansas City Chiefs,Receiving Yards,29.5,9.0,Under
NFL,Marquez Valdes-Scantling,WR,Kansas City Chiefs,Receiving Yards,18.5,0.0,Under
NFL,Skyy Moore,WR,Kansas City Chiefs,Receiving Yards,23.5,22.0,Under
NFL,Josh Jacobs,RB,Las Vegas Raiders,Receiving Yards,23.5,16.0,Under
NFL,Puka Nacua,WR,Los Angeles Rams,Receiving Yards,64.5,26.0,Under
NFL,Tyler Higbee,TE,Los Angeles Rams,Receiving Yards,32.5,18.0,Under
NFL,Jaylen Waddle,WR,Miami Dolphins,Receiving Yards,61.5,51.0,Under
NFL,Brandon Powell,WR,Minnesota Vikings,Receiving Yards,26.5,20.0,Under
NFL,Jordan Addison,WR,Minnesota Vikings,Receiving Yards,54.5,28.0,Under
NFL,Josh Oliver,TE,Minnesota Vikings,Receiving Yards,10.5,0.0,Under
NFL,TJ Hockenson,TE,Minnesota Vikings,Receiving Yards,53.5,50.0,Under
NFL,DeVante Parker,WR,New England Patriots,Receiving Yards,38.5,7.0,Under
NFL,Hunter Henry,TE,New England Patriots,Receiving Yards,32.5,7.0,Under
NFL,Michael Thomas,WR,New Orleans Saints,Receiving Yards,49.5,45.0,Under
NFL,Allen Lazard,WR,New York Jets,Receiving Yards,32.5,8.0,Under
NFL,Tyler Conklin,TE,New York Jets,Receiving Yards,25.5,24.0,Under
NFL,DeVonta Smith,WR,Philadelphia Eagles,Receiving Yards,52.5,44.0,Under
NFL,Kenny Gainwell,RB,Philadelphia Eagles,Receiving Yards,7.5,0.0,Under
NFL,Quez Watkins,WR,Philadelphia Eagles,Receiving Yards,8.5,0.0,Under
NFL,Deebo Samuel,WR,San Francisco 49ers,Receiving Yards,47.5,0.0,Under
NFL,George Kittle,TE,San Francisco 49ers,Receiving Yards,40.5,1.0,Under
NFL,Noah Fant,TE,Seattle Seahawks,Receiving Yards,21.5,9.0,Under
NFL,Mike Evans,WR,Tampa Bay Buccaneers,Receiving Yards,60.5,49.0,Under
NFL,Chigoziem Okonkwo,TE,Tennessee Titans,Receiving Yards,27.5,18.0,Under
NFL,DeAndre Hopkins,WR,Tennessee Titans,Receiving Yards,57.5,20.0,Under
NFL,Jahan Dotson,WR,Washington Commanders,Receiving Yards,31.5,0.0,Under
NFL,Logan Thomas,TE,Washington Commanders,Receiving Yards,36.5,2.0,Under
NFL,Zay Flowers,WR,Baltimore Ravens,Receptions,5.0,6.0,Over
NFL,Rashee Rice,WR,Kansas City Chiefs,Receptions,3.0,4.0,Over
NFL,Travis Kelce,TE,Kansas City Chiefs,Receptions,6.5,9.0,Over
NFL,Brandon Powell,WR,Minnesota Vikings,Receptions,2.5,3.0,Over
NFL,KJ Osborn,WR,Minnesota Vikings,Receptions,3.5,4.0,Over
NFL,Courtland Sutton,WR,Denver Broncos,Receptions,4.0,4.0,Tie
NFL,Mark Andrews,TE,Baltimore Ravens,Receptions,4.5,4.0,Under
NFL,Justin Watson,WR,Kansas City Chiefs,Receptions,1.5,0.0,Under
NFL,Marquez Valdes-Scantling,WR,Kansas City Chiefs,Receptions,1.5,0.0,Under
NFL,DeAndre Hopkins,WR,Tennessee Titans,Receptions,5.0,1.0,Under
NFL,Lamar Jackson,QB,Baltimore Ravens,Rush Attempts,8.5,13.0,Over
NFL,Russell Wilson,QB,Denver Broncos,Rush Attempts,3.5,4.0,Over
NFL,Kenneth Walker I,RB,Seattle Seahawks,Rush Attempts,15.5,19.0,Over
NFL,Justin Fields,QB,Chicago Bears,Rush Attempts,9.5,8.0,Under
NFL,Joe Mixon,RB,Cincinnati Bengals,Rush Attempts,15.5,12.0,Under
NFL,Isiah Pacheco,RB,Kansas City Chiefs,Rush Attempts,16.5,16.0,Under
NFL,DAndre Swift,RB,Philadelphia Eagles,Rush Attempts,14.5,10.0,Under
NFL,Derrick Henry,RB,Tennessee Titans,Rush Attempts,16.5,12.0,Under
NFL,Desmond Ridder,QB,Atlanta Falcons,Rush Yards,9.5,18.0,Over
NFL,Justice Hill,RB,Baltimore Ravens,Rush Yards,26.5,35.0,Over
NFL,Lamar Jackson,QB,Baltimore Ravens,Rush Yards,42.5,62.0,Over
NFL,James Cook,RB,Buffalo Bills,Rush Yards,57.5,71.0,Over
NFL,Javonte Williams,RB,Denver Broncos,Rush Yards,35.5,52.0,Over
NFL,Russell Wilson,QB,Denver Broncos,Rush Yards,19.5,31.0,Over
NFL,Patrick Mahomes,QB,Kansas City Chiefs,Rush Yards,21.5,31.0,Over
NFL,Josh Jacobs,RB,Las Vegas Raiders,Rush Yards,69.5,77.0,Over
NFL,Ezekiel Elliott,RB,New England Patriots,Rush Yards,29.5,34.0,Over
NFL,Rhamondre Stevenson,RB,New England Patriots,Rush Yards,44.5,46.0,Over
NFL,Alvin Kamara,RB,New Orleans Saints,Rush Yards,63.5,68.0,Over
NFL,Zach Wilson,QB,New York Jets,Rush Yards,11.5,15.0,Over
NFL,Jalen Hurts,QB,Philadelphia Eagles,Rush Yards,42.5,47.0,Over
NFL,Geno Smith,QB,Seattle Seahawks,Rush Yards,11.5,20.0,Over
NFL,Derrick Henry,RB,Tennessee Titans,Rush Yards,66.5,97.0,Over
NFL,Bijan Robinson,RB,Atlanta Falcons,Rush Yards,71.5,37.0,Under
NFL,Gus Edwards,RB,Baltimore Ravens,Rush Yards,41.5,41.0,Under
NFL,Josh Allen,QB,Buffalo Bills,Rush Yards,26.5,11.0,Under
NFL,Bryce Young,QB,Carolina Panthers,Rush Yards,8.5,0.0,Under
NFL,Justin Fields,QB,Chicago Bears,Rush Yards,50.5,46.0,Under
NFL,Joe Mixon,RB,Cincinnati Bengals,Rush Yards,65.5,38.0,Under
NFL,Tony Pollard,RB,Dallas Cowboys,Rush Yards,67.5,30.0,Under
NFL,Zack Moss,RB,Indianapolis Colts,Rush Yards,46.5,21.0,Under
NFL,Travis Etienne,RB,Jacksonville Jaguars,Rush Yards,70.5,55.0,Under
NFL,Trevor Lawrence,QB,Jacksonville Jaguars,Rush Yards,16.5,15.0,Under
NFL,Isiah Pacheco,RB,Kansas City Chiefs,Rush Yards,75.5,62.0,Under
NFL,Jerick McKinnon,RB,Kansas City Chiefs,Rush Yards,9.5,0.0,Under
NFL,Jimmy Garoppolo,QB,Las Vegas Raiders,Rush Yards,4.5,4.0,Under
NFL,Austin Ekeler,RB,Los Angeles Chargers,Rush Yards,50.5,27.0,Under
NFL,Tua Tagovailoa,QB,Miami Dolphins,Rush Yards,4.5,0.0,Under
NFL,Alexander Mattison,RB,Minnesota Vikings,Rush Yards,48.5,44.0,Under
NFL,Cam Akers,RB,Minnesota Vikings,Rush Yards,24.5,8.0,Under
NFL,Kirk Cousins,QB,Minnesota Vikings,Rush Yards,2.5,-5.0,Under
NFL,Mac Jones,QB,New England Patriots,Rush Yards,5.5,-1.0,Under
NFL,Derek Carr,QB,New Orleans Saints,Rush Yards,3.5,2.0,Under
NFL,Breece Hall,RB,New York Jets,Rush Yards,53.5,39.0,Under
NFL,Dalvin Cook,RB,New York Jets,Rush Yards,13.5,12.0,Under
NFL,DAndre Swift,RB,Philadelphia Eagles,Rush Yards,62.5,18.0,Under
NFL,Kenny Gainwell,RB,Philadelphia Eagles,Rush Yards,18.5,0.0,Under
NFL,Kenneth Walker I,RB,Seattle Seahawks,Rush Yards,64.5,62.0,Under
NFL,Rachaad White,RB,Tampa Bay Buccaneers,Rush Yards,46.5,26.0,Under
NFL,Ryan Tannehill,QB,Tennessee Titans,Rush Yards,8.5,0.0,Under
NFL,Tyjae Spears,RB,Tennessee Titans,Rush Yards,27.5,15.0,Under
NFL,Brian Robinson,RB,Washington Commanders,Rush Yards,59.5,31.0,Under
NFL,Jalen Hurts,QB,Philadelphia Eagles,Rush+Rec TDs,0.5,1.0,Over
NFL,Javonte Williams,RB,Denver Broncos,Rush+Rec Yds,51.5,52.0,Over
NFL,Isiah Pacheco,RB,Kansas City Chiefs,Rush+Rec Yds,92.5,98.0,Over
NFL,Alexander Mattison,RB,Minnesota Vikings,Rush+Rec Yds,71.5,72.0,Over
NFL,Ezekiel Elliott,RB,New England Patriots,Rush+Rec Yds,42.5,49.0,Over
NFL,Rhamondre Stevenson,RB,New England Patriots,Rush+Rec Yds,62.5,70.0,Over
NFL,Alvin Kamara,RB,New Orleans Saints,Rush+Rec Yds,96.5,104.0,Over
NFL,Breece Hall,RB,New York Jets,Rush+Rec Yds,72.5,93.0,Over
NFL,Kenneth Walker I,RB,Seattle Seahawks,Rush+Rec Yds,79.5,89.0,Over
NFL,Derrick Henry,RB,Tennessee Titans,Rush+Rec Yds,80.5,113.0,Over
NFL,Tyjae Spears,RB,Tennessee Titans,Rush+Rec Yds,46.5,63.0,Over
NFL,Bijan Robinson,RB,Atlanta Falcons,Rush+Rec Yds,100.5,80.0,Under
NFL,James Cook,RB,Buffalo Bills,Rush+Rec Yds,77.5,71.0,Under
NFL,Joe Mixon,RB,Cincinnati Bengals,Rush+Rec Yds,91.5,62.0,Under
NFL,Travis Etienne,RB,Jacksonville Jaguars,Rush+Rec Yds,94.5,83.0,Under
NFL,Jerick McKinnon,RB,Kansas City Chiefs,Rush+Rec Yds,25.5,20.0,Under
NFL,Josh Jacobs,RB,Las Vegas Raiders,Rush+Rec Yds,96.5,93.0,Under
NFL,DAndre Swift,RB,Philadelphia Eagles,Rush+Rec Yds,83.5,58.0,Under
NFL,Kenny Gainwell,RB,Philadelphia Eagles,Rush+Rec Yds,29.5,0.0,Under
NFL,Trey Hendrickson,DE,Cincinnati Bengals,Sacks,0.75,1.0,Over
NFL,George Karlaftis,DE,Kansas City Chiefs,Sacks,0.25,0.5,Over
NFL,Danielle Hunter,LB,Minnesota Vikings,Sacks,0.75,2.0,Over
NFL,Brian Burns,LB,Carolina Panthers,Sacks,0.25,0.0,Under
NFL,Aidan Hutchinson,DE,Detroit Lions,Sacks,0.75,0.0,Under
NFL,Mike Danna,DE,Kansas City Chiefs,Sacks,0.75,0.0,Under
NFL,Maxx Crosby,DE,Las Vegas Raiders,Sacks,0.75,0.5,Under
NFL,Marcus Davenport,DE,Minnesota Vikings,Sacks,0.25,0.0,Under
NFL,Jalen Carter,DT,Philadelphia Eagles,Sacks,0.75,0.0,Under
NFL,Denico Autry,DE,Tennessee Titans,Sacks,0.25,0.0,Under
NFL,Jeffery Simmons,DT,Tennessee Titans,Sacks,0.25,0.0,Under
NFL,Patrick Queen,LB,Baltimore Ravens,Tackles+Ast,7.0,9.0,Over
NFL,Alex Singleton,LB,Denver Broncos,Tackles+Ast,10.0,11.0,Over
NFL,Josey Jewell,LB,Denver Broncos,Tackles+Ast,7.5,9.0,Over
NFL,Willie Gay,LB,Kansas City Chiefs,Tackles+Ast,4.5,6.0,Over
NFL,Camryn Bynum,FS,Minnesota Vikings,Tackles+Ast,6.5,9.0,Over
NFL,Jordan Hicks,LB,Minnesota Vikings,Tackles+Ast,8.0,10.0,Over
NFL,Josh Metellus,SS,Minnesota Vikings,Tackles+Ast,5.5,8.0,Over
NFL,Quincy Williams,LB,New York Jets,Tackles+Ast,9.0,12.0,Over
NFL,Azeez Al-Shaair,LB,Tennessee Titans,Tackles+Ast,9.0,15.0,Over
NFL,Justin Reid,FS,Kansas City Chiefs,Tackles+Ast,5.0,5.0,Tie
NFL,Derrick Brown,DE,Carolina Panthers,Tackles+Ast,4.5,2.0,Under
NFL,TJ Edwards,LB,Chicago Bears,Tackles+Ast,10.0,8.0,Under
NFL,Germaine Pratt,LB,Cincinnati Bengals,Tackles+Ast,7.5,6.0,Under
NFL,Damarri Mathis,CB,Denver Broncos,Tackles+Ast,4.5,2.0,Under
NFL,Justin Simmons,FS,Denver Broncos,Tackles+Ast,5.5,5.0,Under
NFL,Kareem Jackson,SS,Denver Broncos,Tackles+Ast,6.0,5.0,Under
NFL,Patrick Surtain,CB,Denver Broncos,Tackles+Ast,3.5,0.0,Under
NFL,Nick Bolton,LB,Kansas City Chiefs,Tackles+Ast,7.5,4.0,Under
NFL,Trent McDuffie,CB,Kansas City Chiefs,Tackles+Ast,5.0,2.0,Under
NFL,Divine Deablo,LB,Las Vegas Raiders,Tackles+Ast,8.0,7.0,Under
NFL,Trevon Moehrig,SS,Las Vegas Raiders,Tackles+Ast,4.5,3.0,Under
NFL,Harrison Smith,SS,Minnesota Vikings,Tackles+Ast,5.5,5.0,Under
NFL,JaWhaun Bentley,LB,New England Patriots,Tackles+Ast,7.5,4.0,Under
NFL,CJ Mosley,LB,New York Jets,Tackles+Ast,10.0,9.0,Under
NFL,Jordan Whitehead,SS,New York Jets,Tackles+Ast,4.5,3.0,Under
NFL,Jeffery Simmons,DT,Tennessee Titans,Tackles+Ast,4.0,2.0,Under
NFL,Roger McCreary,CB,Tennessee Titans,Tackles+Ast,4.5,1.0,Under
