name,position,team,prop,Over,Tie,Under,Total,Over %,Under %,Tie %
Asante Samuel,CB,Los Angeles Chargers,Tackles+Ast,1,0,0,1,100.0,0.0,0.0
Austin Ekeler,RB,Los Angeles Chargers,Fantasy Score,0,0,1,1,0.0,100.0,0.0
Austin Ekeler,RB,Los Angeles Chargers,Rec Targets,1,0,0,1,100.0,0.0,0.0
Austin Ekeler,RB,Los Angeles Chargers,Receiving Yards,1,0,0,1,100.0,0.0,0.0
Austin Ekeler,RB,Los Angeles Chargers,Rush Yards,0,0,1,1,0.0,100.0,0.0
Austin Ekeler,RB,Los Angeles Chargers,Rush+Rec Yds,0,0,1,1,0.0,100.0,0.0
Brandin Cooks,WR,Dallas Cowboys,Fantasy Score,1,0,0,1,100.0,0.0,0.0
Brandin Cooks,WR,Dallas Cowboys,Rec Targets,0,0,1,1,0.0,100.0,0.0
Brandin Cooks,WR,Dallas Cowboys,Receiving Yards,1,0,0,1,100.0,0.0,0.0
Brandon Aubrey,K,Dallas Cowboys,Fantasy Score,1,0,0,1,100.0,0.0,0.0
Bryan Corey Anger,P,Dallas Cowboys,Punts,0,0,1,1,0.0,100.0,0.0
Cameron Dicker,P,Los Angeles Chargers,Fantasy Score,1,0,0,1,100.0,0.0,0.0
Cameron Dicker,P,Los Angeles Chargers,Kicking Points,0,0,1,1,0.0,100.0,0.0
CeeDee Lamb,WR,Dallas Cowboys,Fantasy Score,0,0,1,1,0.0,100.0,0.0
CeeDee Lamb,WR,Dallas Cowboys,Rec Targets,0,0,1,1,0.0,100.0,0.0
CeeDee Lamb,WR,Dallas Cowboys,Receiving Yards,1,0,0,1,100.0,0.0,0.0
CeeDee Lamb,WR,Dallas Cowboys,Receptions,1,0,0,1,100.0,0.0,0.0
Chargers DST,DST,Los Angeles Chargers,Fantasy Score,1,0,0,1,100.0,0.0,0.0
Cowboys DST,DST,Dallas Cowboys,Fantasy Score,1,0,0,1,100.0,0.0,0.0
Dak Prescott,QB,Dallas Cowboys,Fantasy Score,1,0,0,1,100.0,0.0,0.0
Dak Prescott,QB,Dallas Cowboys,Pass Attempts,0,0,1,1,0.0,100.0,0.0
Dak Prescott,QB,Dallas Cowboys,Pass Completions,0,0,1,1,0.0,100.0,0.0
Dak Prescott,QB,Dallas Cowboys,Pass TDs,0,0,1,1,0.0,100.0,0.0
Dak Prescott,QB,Dallas Cowboys,Pass Yards,1,0,0,1,100.0,0.0,0.0
Dak Prescott,QB,Dallas Cowboys,Pass+Rush Yds,1,0,0,1,100.0,0.0,0.0
Dak Prescott,QB,Dallas Cowboys,Rush Yards,1,0,0,1,100.0,0.0,0.0
Derwin James,FS,Los Angeles Chargers,Tackles+Ast,0,0,1,1,0.0,100.0,0.0
Eric Kendricks,LB,Los Angeles Chargers,Tackles+Ast,0,1,0,1,0.0,0.0,100.0
Gerald Everett,TE,Los Angeles Chargers,Receiving Yards,0,0,1,1,0.0,100.0,0.0
Gerald Everett,TE,Los Angeles Chargers,Receptions,0,1,0,1,0.0,0.0,100.0
JK Scott,P,Los Angeles Chargers,Punts,1,0,0,1,100.0,0.0,0.0
Jake Ferguson,TE,Dallas Cowboys,Fantasy Score,0,0,1,1,0.0,100.0,0.0
Jake Ferguson,TE,Dallas Cowboys,Rec Targets,0,0,1,1,0.0,100.0,0.0
Jake Ferguson,TE,Dallas Cowboys,Receiving Yards,0,0,1,1,0.0,100.0,0.0
Jake Ferguson,TE,Dallas Cowboys,Receptions,0,0,1,1,0.0,100.0,0.0
Josh Palmer,WR,Los Angeles Chargers,Fantasy Score,0,0,1,1,0.0,100.0,0.0
Josh Palmer,WR,Los Angeles Chargers,Rec Targets,1,0,0,1,100.0,0.0,0.0
Josh Palmer,WR,Los Angeles Chargers,Receiving Yards,1,0,0,1,100.0,0.0,0.0
Josh Palmer,WR,Los Angeles Chargers,Receptions,1,0,0,1,100.0,0.0,0.0
Justin Herbert,QB,Los Angeles Chargers,Fantasy Score,0,0,1,1,0.0,100.0,0.0
Justin Herbert,QB,Los Angeles Chargers,INT,1,0,0,1,100.0,0.0,0.0
Justin Herbert,QB,Los Angeles Chargers,Pass Attempts,1,0,0,1,100.0,0.0,0.0
Justin Herbert,QB,Los Angeles Chargers,Pass Completions,0,0,1,1,0.0,100.0,0.0
Justin Herbert,QB,Los Angeles Chargers,Pass Yards,0,0,1,1,0.0,100.0,0.0
Justin Herbert,QB,Los Angeles Chargers,Pass+Rush Yds,0,0,1,1,0.0,100.0,0.0
Justin Herbert,QB,Los Angeles Chargers,Rush Yards,1,0,0,1,100.0,0.0,0.0
Keenan Allen,WR,Los Angeles Chargers,Fantasy Score,0,0,1,1,0.0,100.0,0.0
Keenan Allen,WR,Los Angeles Chargers,Rec Targets,1,0,0,1,100.0,0.0,0.0
Keenan Allen,WR,Los Angeles Chargers,Receiving Yards,1,0,0,1,100.0,0.0,0.0
Keenan Allen,WR,Los Angeles Chargers,Receptions,0,1,0,1,0.0,0.0,100.0
Kenneth Murray,LB,Los Angeles Chargers,Tackles+Ast,1,0,0,1,100.0,0.0,0.0
Khalil Mack,LB,Los Angeles Chargers,Sacks,1,0,0,1,100.0,0.0,0.0
Micah Parsons,LB,Dallas Cowboys,Sacks,1,0,0,1,100.0,0.0,0.0
Micah Parsons,LB,Dallas Cowboys,Tackles+Ast,0,0,1,1,0.0,100.0,0.0
Michael Davis,CB,Los Angeles Chargers,Tackles+Ast,0,0,1,1,0.0,100.0,0.0
Michael Gallup,WR,Dallas Cowboys,Fantasy Score,0,0,1,1,0.0,100.0,0.0
Michael Gallup,WR,Dallas Cowboys,Receiving Yards,0,0,1,1,0.0,100.0,0.0
Michael Gallup,WR,Dallas Cowboys,Receptions,0,1,0,1,0.0,0.0,100.0
Tony Pollard,RB,Dallas Cowboys,Fantasy Score,0,0,1,1,0.0,100.0,0.0
Tony Pollard,RB,Dallas Cowboys,Pass+Rush+Rec TDs,0,0,1,1,0.0,100.0,0.0
Tony Pollard,RB,Dallas Cowboys,Receiving Yards,1,0,0,1,100.0,0.0,0.0
Tony Pollard,RB,Dallas Cowboys,Rush Attempts,0,0,1,1,0.0,100.0,0.0
Tony Pollard,RB,Dallas Cowboys,Rush Yards,0,0,1,1,0.0,100.0,0.0
Tony Pollard,RB,Dallas Cowboys,Rush+Rec Yds,1,0,0,1,100.0,0.0,0.0
