league,name,position,team,prop,line,actual,result
NFL,Brandin Cooks,WR,Dallas Cowboys,Fantasy Score,8.5,11.0,Over
NFL,Brandon Aubrey,K,Dallas Cowboys,Fantasy Score,8.0,8.202502564,Over
NFL,Cowboys DST,DST,Dallas Cowboys,Fantasy Score,4.0,6.0,Over
NFL,Dak Prescott,QB,Dallas Cowboys,Fantasy Score,17.0,24.880000000000003,Over
NFL,Cameron Dicker,P,Los Angeles Chargers,Fantasy Score,7.5,8.107916511,Over
NFL,Chargers DST,DST,Los Angeles Chargers,Fantasy Score,4.5,7.0,Over
NFL,CeeDee Lamb,WR,Dallas Cowboys,Fantasy Score,14.5,11.7,Under
NFL,Jake Ferguson,TE,Dallas Cowboys,Fantasy Score,8.5,1.5,Under
NFL,Michael Gallup,WR,Dallas Cowboys,Fantasy Score,8.0,2.4000000000000004,Under
NFL,Tony Pollard,RB,Dallas Cowboys,Fantasy Score,15.5,11.0,Under
NFL,Austin Ekeler,RB,Los Angeles Chargers,Fantasy Score,16.5,6.2,Under
NFL,Josh Palmer,WR,Los Angeles Chargers,Fantasy Score,9.5,6.0,Under
NFL,Justin Herbert,QB,Los Angeles Chargers,Fantasy Score,19.5,18.08,Under
NFL,Keenan Allen,WR,Los Angeles Chargers,Fantasy Score,18.5,14.5,Under
NFL,Justin Herbert,QB,Los Angeles Chargers,INT,0.5,1.0,Over
NFL,Cameron Dicker,P,Los Angeles Chargers,Kicking Points,6.5,5.0,Under
NFL,Justin Herbert,QB,Los Angeles Chargers,Pass Attempts,36.5,37.0,Over
NFL,Dak Prescott,QB,Dallas Cowboys,Pass Attempts,34.0,30.0,Under
NFL,Dak Prescott,QB,Dallas Cowboys,Pass Completions,22.5,21.0,Under
NFL,Justin Herbert,QB,Los Angeles Chargers,Pass Completions,25.5,22.0,Under
NFL,Dak Prescott,QB,Dallas Cowboys,Pass TDs,1.5,1.0,Under
NFL,Dak Prescott,QB,Dallas Cowboys,Pass Yards,257.5,272.0,Over
NFL,Justin Herbert,QB,Los Angeles Chargers,Pass Yards,279.5,227.0,Under
NFL,Dak Prescott,QB,Dallas Cowboys,Pass+Rush Yds,271.5,312.0,Over
NFL,Justin Herbert,QB,Los Angeles Chargers,Pass+Rush Yds,290.5,247.0,Under
NFL,Tony Pollard,RB,Dallas Cowboys,Pass+Rush+Rec TDs,0.5,0.0,Under
NFL,JK Scott,P,Los Angeles Chargers,Punts,4.0,5.0,Over
NFL,Bryan Corey Anger,P,Dallas Cowboys,Punts,3.5,0.0,Under
NFL,Austin Ekeler,RB,Los Angeles Chargers,Rec Targets,5.5,6.0,Over
NFL,Josh Palmer,WR,Los Angeles Chargers,Rec Targets,6.0,7.0,Over
NFL,Keenan Allen,WR,Los Angeles Chargers,Rec Targets,10.0,11.0,Over
NFL,Brandin Cooks,WR,Dallas Cowboys,Rec Targets,5.5,4.0,Under
NFL,CeeDee Lamb,WR,Dallas Cowboys,Rec Targets,8.0,7.0,Under
NFL,Jake Ferguson,TE,Dallas Cowboys,Rec Targets,5.5,1.0,Under
NFL,Brandin Cooks,WR,Dallas Cowboys,Receiving Yards,34.5,36.0,Over
NFL,CeeDee Lamb,WR,Dallas Cowboys,Receiving Yards,71.5,117.0,Over
NFL,Tony Pollard,RB,Dallas Cowboys,Receiving Yards,20.5,80.0,Over
NFL,Austin Ekeler,RB,Los Angeles Chargers,Receiving Yards,32.5,35.0,Over
NFL,Josh Palmer,WR,Los Angeles Chargers,Receiving Yards,47.5,60.0,Over
NFL,Keenan Allen,WR,Los Angeles Chargers,Receiving Yards,81.5,85.0,Over
NFL,Jake Ferguson,TE,Dallas Cowboys,Receiving Yards,36.5,15.0,Under
NFL,Michael Gallup,WR,Dallas Cowboys,Receiving Yards,37.5,24.0,Under
NFL,Gerald Everett,TE,Los Angeles Chargers,Receiving Yards,26.5,16.0,Under
NFL,CeeDee Lamb,WR,Dallas Cowboys,Receptions,5.5,7.0,Over
NFL,Josh Palmer,WR,Los Angeles Chargers,Receptions,3.5,4.0,Over
NFL,Michael Gallup,WR,Dallas Cowboys,Receptions,3.0,3.0,Tie
NFL,Gerald Everett,TE,Los Angeles Chargers,Receptions,3.0,3.0,Tie
NFL,Keenan Allen,WR,Los Angeles Chargers,Receptions,7.0,7.0,Tie
NFL,Jake Ferguson,TE,Dallas Cowboys,Receptions,3.5,1.0,Under
NFL,Tony Pollard,RB,Dallas Cowboys,Rush Attempts,16.5,15.0,Under
NFL,Dak Prescott,QB,Dallas Cowboys,Rush Yards,10.5,40.0,Over
NFL,Justin Herbert,QB,Los Angeles Chargers,Rush Yards,11.5,20.0,Over
NFL,Tony Pollard,RB,Dallas Cowboys,Rush Yards,68.5,30.0,Under
NFL,Austin Ekeler,RB,Los Angeles Chargers,Rush Yards,50.5,27.0,Under
NFL,Tony Pollard,RB,Dallas Cowboys,Rush+Rec Yds,91.5,110.0,Over
NFL,Austin Ekeler,RB,Los Angeles Chargers,Rush+Rec Yds,85.5,62.0,Under
NFL,Micah Parsons,LB,Dallas Cowboys,Sacks,0.75,1.0,Over
NFL,Khalil Mack,LB,Los Angeles Chargers,Sacks,0.25,1.0,Over
NFL,Asante Samuel,CB,Los Angeles Chargers,Tackles+Ast,3.5,6.0,Over
NFL,Kenneth Murray,LB,Los Angeles Chargers,Tackles+Ast,6.5,9.0,Over
NFL,Eric Kendricks,LB,Los Angeles Chargers,Tackles+Ast,8.0,8.0,Tie
NFL,Micah Parsons,LB,Dallas Cowboys,Tackles+Ast,4.5,2.0,Under
NFL,Derwin James,FS,Los Angeles Chargers,Tackles+Ast,6.5,3.0,Under
NFL,Michael Davis,CB,Los Angeles Chargers,Tackles+Ast,5.0,4.0,Under
