name,position,team,Over,Tie,Under,Total,Over %,Under %,Tie %
Asante Samuel,CB,Los Angeles Chargers,1,0,0,1,100.0,0.0,0.0
Austin Ekeler,RB,Los Angeles Chargers,2,0,3,5,40.0,60.0,0.0
Brandin Cooks,WR,Dallas Cowboys,2,0,1,3,66.67,33.33,0.0
Brandon Aubrey,K,Dallas Cowboys,1,0,0,1,100.0,0.0,0.0
Bryan Corey Anger,P,Dallas Cowboys,0,0,1,1,0.0,100.0,0.0
Cameron Dicker,P,Los Angeles Chargers,1,0,1,2,50.0,50.0,0.0
CeeDee Lamb,WR,Dallas Cowboys,2,0,2,4,50.0,50.0,0.0
Chargers DST,DST,Los Angeles Chargers,1,0,0,1,100.0,0.0,0.0
Cowboys DST,DST,Dallas Cowboys,1,0,0,1,100.0,0.0,0.0
Dak Prescott,QB,Dallas Cowboys,4,0,3,7,57.14,42.86,0.0
Derwin James,FS,Los Angeles Chargers,0,0,1,1,0.0,100.0,0.0
Eric Kendricks,LB,Los Angeles Chargers,0,1,0,1,0.0,0.0,100.0
Gerald Everett,TE,Los Angeles Chargers,0,1,1,2,0.0,50.0,50.0
JK Scott,P,Los Angeles Chargers,1,0,0,1,100.0,0.0,0.0
Jake Ferguson,TE,Dallas Cowboys,0,0,4,4,0.0,100.0,0.0
Josh Palmer,WR,Los Angeles Chargers,3,0,1,4,75.0,25.0,0.0
Justin Herbert,QB,Los Angeles Chargers,3,0,4,7,42.86,57.14,0.0
Keenan Allen,WR,Los Angeles Chargers,2,1,1,4,50.0,25.0,25.0
Kenneth Murray,LB,Los Angeles Chargers,1,0,0,1,100.0,0.0,0.0
Khalil Mack,LB,Los Angeles Chargers,1,0,0,1,100.0,0.0,0.0
Micah Parsons,LB,Dallas Cowboys,1,0,1,2,50.0,50.0,0.0
Michael Davis,CB,Los Angeles Chargers,0,0,1,1,0.0,100.0,0.0
Michael Gallup,WR,Dallas Cowboys,0,1,2,3,0.0,66.67,33.33
Tony Pollard,RB,Dallas Cowboys,2,0,4,6,33.33,66.67,0.0
