name,position,team,Over,Tie,Under,Total,Over %,Under %,Tie %
AJ Brown,WR,Philadelphia Eagles,1,0,0,1,100.0,0.0,0.0
Adam Thielen,WR,Carolina Panthers,1,0,0,1,100.0,0.0,0.0
Aidan Hutchinson,DE,Detroit Lions,0,0,1,1,0.0,100.0,0.0
Alec Pierce,WR,Indianapolis Colts,0,0,1,1,0.0,100.0,0.0
Alex Singleton,LB,Denver Broncos,1,0,0,1,100.0,0.0,0.0
Alexander Mattison,RB,Minnesota Vikings,2,0,1,3,66.67,33.33,0.0
Allen Lazard,WR,New York Jets,0,0,1,1,0.0,100.0,0.0
Alvin Kamara,RB,New Orleans Saints,3,0,1,4,75.0,25.0,0.0
Amari Cooper,WR,Cleveland Browns,1,0,0,1,100.0,0.0,0.0
Austin Ekeler,RB,Los Angeles Chargers,0,0,1,1,0.0,100.0,0.0
Azeez Al-Shaair,LB,Tennessee Titans,1,0,0,1,100.0,0.0,0.0
Baker Mayfield,QB,Tampa Bay Buccaneers,0,0,1,1,0.0,100.0,0.0
Bijan Robinson,RB,Atlanta Falcons,1,0,3,4,25.0,75.0,0.0
Blake Grupe,K,New Orleans Saints,1,0,0,1,100.0,0.0,0.0
Brandon Aiyuk,WR,San Francisco 49ers,1,0,0,1,100.0,0.0,0.0
Brandon Johnson,WR,Denver Broncos,0,0,1,1,0.0,100.0,0.0
Brandon Powell,WR,Minnesota Vikings,1,0,1,2,50.0,50.0,0.0
Breece Hall,RB,New York Jets,2,0,1,3,66.67,33.33,0.0
Brett Maher,K,Los Angeles Rams,2,0,0,2,100.0,0.0,0.0
Brian Burns,LB,Carolina Panthers,0,0,1,1,0.0,100.0,0.0
Brian Robinson,RB,Washington Commanders,0,0,1,1,0.0,100.0,0.0
Brock Purdy,QB,San Francisco 49ers,0,0,1,1,0.0,100.0,0.0
Bryce Young,QB,Carolina Panthers,1,0,2,3,33.33,66.67,0.0
CJ Mosley,LB,New York Jets,0,0,1,1,0.0,100.0,0.0
CJ Stroud,QB,Houston Texans,0,0,1,1,0.0,100.0,0.0
Cairo Santos,K,Chicago Bears,1,0,0,1,100.0,0.0,0.0
Calvin Ridley,WR,Jacksonville Jaguars,0,0,1,1,0.0,100.0,0.0
Cam Akers,RB,Minnesota Vikings,0,0,1,1,0.0,100.0,0.0
Cameron Dicker,P,Los Angeles Chargers,0,0,1,1,0.0,100.0,0.0
Camryn Bynum,FS,Minnesota Vikings,1,0,0,1,100.0,0.0,0.0
CeeDee Lamb,WR,Dallas Cowboys,1,0,0,1,100.0,0.0,0.0
Chad Ryland,K,New England Patriots,0,0,1,1,0.0,100.0,0.0
Chigoziem Okonkwo,TE,Tennessee Titans,0,0,1,1,0.0,100.0,0.0
Chris Olave,WR,New Orleans Saints,1,0,0,1,100.0,0.0,0.0
Christian Kirk,WR,Jacksonville Jaguars,0,0,1,1,0.0,100.0,0.0
Cole Kmet,TE,Chicago Bears,0,0,1,1,0.0,100.0,0.0
Cooper Kupp,WR,Los Angeles Rams,1,0,0,1,100.0,0.0,0.0
Courtland Sutton,WR,Denver Broncos,2,1,0,3,66.67,0.0,33.33
Curtis Samuel,WR,Washington Commanders,1,0,0,1,100.0,0.0,0.0
DAndre Swift,RB,Philadelphia Eagles,2,0,3,5,40.0,60.0,0.0
DJ Chark,WR,Carolina Panthers,0,0,1,1,0.0,100.0,0.0
DJ Moore,WR,Chicago Bears,0,0,1,1,0.0,100.0,0.0
DK Metcalf,WR,Seattle Seahawks,1,0,0,1,100.0,0.0,0.0
Dak Prescott,QB,Dallas Cowboys,1,0,0,1,100.0,0.0,0.0
Dallas Goedert,TE,Philadelphia Eagles,1,0,0,1,100.0,0.0,0.0
Dalvin Cook,RB,New York Jets,0,0,1,1,0.0,100.0,0.0
Damarri Mathis,CB,Denver Broncos,0,0,1,1,0.0,100.0,0.0
Daniel Carlson,K,Las Vegas Raiders,1,0,0,1,100.0,0.0,0.0
Danielle Hunter,LB,Minnesota Vikings,1,0,0,1,100.0,0.0,0.0
DeAndre Hopkins,WR,Tennessee Titans,0,0,2,2,0.0,100.0,0.0
DeVante Parker,WR,New England Patriots,0,0,1,1,0.0,100.0,0.0
DeVonta Smith,WR,Philadelphia Eagles,0,0,1,1,0.0,100.0,0.0
Deebo Samuel,WR,San Francisco 49ers,0,0,1,1,0.0,100.0,0.0
Denico Autry,DE,Tennessee Titans,0,0,1,1,0.0,100.0,0.0
Derek Carr,QB,New Orleans Saints,1,0,1,2,50.0,50.0,0.0
Derrick Brown,DE,Carolina Panthers,0,0,1,1,0.0,100.0,0.0
Derrick Henry,RB,Tennessee Titans,3,0,1,4,75.0,25.0,0.0
Desmond Ridder,QB,Atlanta Falcons,3,0,0,3,100.0,0.0,0.0
Divine Deablo,LB,Las Vegas Raiders,0,0,1,1,0.0,100.0,0.0
Drake London,WR,Atlanta Falcons,1,0,0,1,100.0,0.0,0.0
Eddy Pineiro,K,Carolina Panthers,0,0,1,1,0.0,100.0,0.0
Evan Engram,TE,Jacksonville Jaguars,1,0,0,1,100.0,0.0,0.0
Evan McPherson,K,Cincinnati Bengals,0,0,1,1,0.0,100.0,0.0
Ezekiel Elliott,RB,New England Patriots,3,0,0,3,100.0,0.0,0.0
Gabriel Davis,WR,Buffalo Bills,0,0,1,1,0.0,100.0,0.0
Gardner Minshew,QB,Indianapolis Colts,2,0,0,2,100.0,0.0,0.0
Garrett Wilson,WR,New York Jets,1,0,0,1,100.0,0.0,0.0
Geno Smith,QB,Seattle Seahawks,5,0,0,5,100.0,0.0,0.0
George Karlaftis,DE,Kansas City Chiefs,1,0,0,1,100.0,0.0,0.0
George Kittle,TE,San Francisco 49ers,0,0,1,1,0.0,100.0,0.0
Germaine Pratt,LB,Cincinnati Bengals,0,0,1,1,0.0,100.0,0.0
Graham Gano,K,New York Giants,1,0,0,1,100.0,0.0,0.0
Greg Joseph,K,Minnesota Vikings,1,0,0,1,100.0,0.0,0.0
Gus Edwards,RB,Baltimore Ravens,0,0,1,1,0.0,100.0,0.0
Harrison Butker,K,Kansas City Chiefs,2,0,0,2,100.0,0.0,0.0
Harrison Smith,SS,Minnesota Vikings,0,0,1,1,0.0,100.0,0.0
Hayden Hurst,TE,Carolina Panthers,0,0,1,1,0.0,100.0,0.0
Hunter Henry,TE,New England Patriots,0,0,1,1,0.0,100.0,0.0
Isiah Pacheco,RB,Kansas City Chiefs,2,0,4,6,33.33,66.67,0.0
JaMarr Chase,WR,Cincinnati Bengals,0,0,2,2,0.0,100.0,0.0
JaWhaun Bentley,LB,New England Patriots,0,0,1,1,0.0,100.0,0.0
Jahan Dotson,WR,Washington Commanders,0,0,1,1,0.0,100.0,0.0
Jake Elliott,K,Philadelphia Eagles,0,0,1,1,0.0,100.0,0.0
Jalen Carter,DT,Philadelphia Eagles,0,0,1,1,0.0,100.0,0.0
Jalen Hurts,QB,Philadelphia Eagles,6,0,0,6,100.0,0.0,0.0
James Cook,RB,Buffalo Bills,1,0,2,3,33.33,66.67,0.0
Jason Sanders,K,Miami Dolphins,0,0,2,2,0.0,100.0,0.0
Javonte Williams,RB,Denver Broncos,2,0,2,4,50.0,50.0,0.0
Jaylen Waddle,WR,Miami Dolphins,0,0,1,1,0.0,100.0,0.0
Jeffery Simmons,DT,Tennessee Titans,0,0,2,2,0.0,100.0,0.0
Jerick McKinnon,RB,Kansas City Chiefs,1,0,2,3,33.33,66.67,0.0
Jerry Jeudy,WR,Denver Broncos,0,0,2,2,0.0,100.0,0.0
Jimmy Garoppolo,QB,Las Vegas Raiders,2,0,3,5,40.0,60.0,0.0
Joe Burrow,QB,Cincinnati Bengals,0,0,4,4,0.0,100.0,0.0
Joe Mixon,RB,Cincinnati Bengals,1,0,4,5,20.0,80.0,0.0
Jonathan Mingo,WR,Carolina Panthers,0,0,1,1,0.0,100.0,0.0
Jordan Addison,WR,Minnesota Vikings,0,0,1,1,0.0,100.0,0.0
Jordan Hicks,LB,Minnesota Vikings,1,0,0,1,100.0,0.0,0.0
Jordan Whitehead,SS,New York Jets,0,0,1,1,0.0,100.0,0.0
Josey Jewell,LB,Denver Broncos,1,0,0,1,100.0,0.0,0.0
Josh Allen,QB,Buffalo Bills,1,0,3,4,25.0,75.0,0.0
Josh Downs,WR,Indianapolis Colts,0,0,1,1,0.0,100.0,0.0
Josh Jacobs,RB,Las Vegas Raiders,1,0,3,4,25.0,75.0,0.0
Josh Metellus,SS,Minnesota Vikings,1,0,0,1,100.0,0.0,0.0
Josh Oliver,TE,Minnesota Vikings,0,0,1,1,0.0,100.0,0.0
Josh Palmer,WR,Los Angeles Chargers,1,0,0,1,100.0,0.0,0.0
Joshua Dobbs,QB,Arizona Cardinals,1,0,0,1,100.0,0.0,0.0
Justice Hill,RB,Baltimore Ravens,1,0,1,2,50.0,50.0,0.0
Justin Fields,QB,Chicago Bears,1,0,7,8,12.5,87.5,0.0
Justin Herbert,QB,Los Angeles Chargers,0,0,1,1,0.0,100.0,0.0
Justin Reid,FS,Kansas City Chiefs,0,1,0,1,0.0,0.0,100.0
Justin Simmons,FS,Denver Broncos,0,0,1,1,0.0,100.0,0.0
Justin Tucker,K,Baltimore Ravens,2,0,0,2,100.0,0.0,0.0
Justin Watson,WR,Kansas City Chiefs,0,0,2,2,0.0,100.0,0.0
KJ Osborn,WR,Minnesota Vikings,2,0,0,2,100.0,0.0,0.0
Kadarius Toney,WR,Kansas City Chiefs,0,0,1,1,0.0,100.0,0.0
Kaimi Fairbairn,K,Houston Texans,2,0,0,2,100.0,0.0,0.0
Kareem Jackson,SS,Denver Broncos,0,0,1,1,0.0,100.0,0.0
Keenan Allen,WR,Los Angeles Chargers,1,0,0,1,100.0,0.0,0.0
Kendrick Bourne,WR,New England Patriots,1,0,0,1,100.0,0.0,0.0
Kenneth Walker I,RB,Seattle Seahawks,3,0,1,4,75.0,25.0,0.0
Kenny Gainwell,RB,Philadelphia Eagles,0,0,3,3,0.0,100.0,0.0
Kirk Cousins,QB,Minnesota Vikings,0,0,6,6,0.0,100.0,0.0
Kyle Pitts,TE,Atlanta Falcons,1,0,0,1,100.0,0.0,0.0
Kyren Williams,RB,Los Angeles Rams,1,0,0,1,100.0,0.0,0.0
Lamar Jackson,QB,Baltimore Ravens,6,0,2,8,75.0,25.0,0.0
Logan Thomas,TE,Washington Commanders,0,0,1,1,0.0,100.0,0.0
Mac Jones,QB,New England Patriots,0,0,3,3,0.0,100.0,0.0
Marcus Davenport,DE,Minnesota Vikings,0,0,1,1,0.0,100.0,0.0
Mark Andrews,TE,Baltimore Ravens,1,0,1,2,50.0,50.0,0.0
Marquez Valdes-Scantling,WR,Kansas City Chiefs,0,0,2,2,0.0,100.0,0.0
Marquise Brown,WR,Arizona Cardinals,0,0,1,1,0.0,100.0,0.0
Marvin Mims,WR,Denver Broncos,0,0,1,1,0.0,100.0,0.0
Matt Prater,K,Arizona Cardinals,2,0,0,2,100.0,0.0,0.0
Matthew Stafford,QB,Los Angeles Rams,0,0,1,1,0.0,100.0,0.0
Maxx Crosby,DE,Las Vegas Raiders,0,0,1,1,0.0,100.0,0.0
Michael Pittman,WR,Indianapolis Colts,1,0,0,1,100.0,0.0,0.0
Michael Thomas,WR,New Orleans Saints,0,0,1,1,0.0,100.0,0.0
Mike Danna,DE,Kansas City Chiefs,0,0,1,1,0.0,100.0,0.0
Mike Evans,WR,Tampa Bay Buccaneers,0,0,1,1,0.0,100.0,0.0
Mike Gesicki,TE,New England Patriots,1,0,0,1,100.0,0.0,0.0
Nick Bolton,LB,Kansas City Chiefs,0,0,1,1,0.0,100.0,0.0
Noah Fant,TE,Seattle Seahawks,0,0,1,1,0.0,100.0,0.0
Patrick Mahomes,QB,Kansas City Chiefs,5,0,2,7,71.43,28.57,0.0
Patrick Queen,LB,Baltimore Ravens,1,0,0,1,100.0,0.0,0.0
Patrick Surtain,CB,Denver Broncos,0,0,1,1,0.0,100.0,0.0
Puka Nacua,WR,Los Angeles Rams,0,0,1,1,0.0,100.0,0.0
Quez Watkins,WR,Philadelphia Eagles,0,0,1,1,0.0,100.0,0.0
Quincy Williams,LB,New York Jets,1,0,0,1,100.0,0.0,0.0
Rachaad White,RB,Tampa Bay Buccaneers,0,0,1,1,0.0,100.0,0.0
Rashee Rice,WR,Kansas City Chiefs,2,0,1,3,66.67,33.33,0.0
Rashid Shaheed,WR,New Orleans Saints,1,0,0,1,100.0,0.0,0.0
Rhamondre Stevenson,RB,New England Patriots,3,0,0,3,100.0,0.0,0.0
Riley Dixon,P,Denver Broncos,1,0,0,1,100.0,0.0,0.0
Robert Woods,WR,Houston Texans,0,0,1,1,0.0,100.0,0.0
Roger McCreary,CB,Tennessee Titans,0,0,1,1,0.0,100.0,0.0
Russell Wilson,QB,Denver Broncos,3,0,6,9,33.33,66.67,0.0
Ryan Tannehill,QB,Tennessee Titans,1,0,6,7,14.29,85.71,0.0
Sam Howell,QB,Washington Commanders,1,0,1,2,50.0,50.0,0.0
Skyy Moore,WR,Kansas City Chiefs,0,0,1,1,0.0,100.0,0.0
Stefon Diggs,WR,Buffalo Bills,1,0,1,2,50.0,50.0,0.0
TJ Edwards,LB,Chicago Bears,0,0,1,1,0.0,100.0,0.0
TJ Hockenson,TE,Minnesota Vikings,0,0,1,1,0.0,100.0,0.0
Terry McLaurin,WR,Washington Commanders,1,0,0,1,100.0,0.0,0.0
Tommy Townsend,P,Kansas City Chiefs,0,0,1,1,0.0,100.0,0.0
Tony Pollard,RB,Dallas Cowboys,0,0,1,1,0.0,100.0,0.0
Travis Etienne,RB,Jacksonville Jaguars,2,0,2,4,50.0,50.0,0.0
Travis Kelce,TE,Kansas City Chiefs,2,0,2,4,50.0,50.0,0.0
Trent McDuffie,CB,Kansas City Chiefs,0,0,1,1,0.0,100.0,0.0
Trevon Moehrig,SS,Las Vegas Raiders,0,0,1,1,0.0,100.0,0.0
Trevor Lawrence,QB,Jacksonville Jaguars,1,0,3,4,25.0,75.0,0.0
Trey Hendrickson,DE,Cincinnati Bengals,1,0,0,1,100.0,0.0,0.0
Tua Tagovailoa,QB,Miami Dolphins,0,0,4,4,0.0,100.0,0.0
Tyjae Spears,RB,Tennessee Titans,2,0,1,3,66.67,33.33,0.0
Tyler Conklin,TE,New York Jets,0,0,1,1,0.0,100.0,0.0
Tyler Higbee,TE,Los Angeles Rams,0,0,1,1,0.0,100.0,0.0
Tyler Lockett,WR,Seattle Seahawks,1,0,0,1,100.0,0.0,0.0
Tyreek Hill,WR,Miami Dolphins,2,0,0,2,100.0,0.0,0.0
Wil Lutz,K,Denver Broncos,0,0,2,2,0.0,100.0,0.0
Willie Gay,LB,Kansas City Chiefs,1,0,0,1,100.0,0.0,0.0
Younghoe Koo,K,Atlanta Falcons,0,0,2,2,0.0,100.0,0.0
Zach Wilson,QB,New York Jets,3,0,2,5,60.0,40.0,0.0
Zack Moss,RB,Indianapolis Colts,0,0,1,1,0.0,100.0,0.0
Zay Flowers,WR,Baltimore Ravens,1,0,1,2,50.0,50.0,0.0
