name,position,team,prop,Over,Tie,Under,Total,Over %,Under %,Tie %
AJ Brown,WR,Philadelphia Eagles,Receiving Yards,1,0,0,1,100.0,0.0,0.0
Adam Thielen,WR,Carolina Panthers,Receiving Yards,1,0,0,1,100.0,0.0,0.0
Aidan Hutchinson,DE,Detroit Lions,Sacks,0,0,1,1,0.0,100.0,0.0
Alec Pierce,WR,Indianapolis Colts,Receiving Yards,0,0,1,1,0.0,100.0,0.0
Alex Singleton,LB,Denver Broncos,Tackles+Ast,1,0,0,1,100.0,0.0,0.0
Alexander Mattison,RB,Minnesota Vikings,Receiving Yards,1,0,0,1,100.0,0.0,0.0
Alexander Mattison,RB,Minnesota Vikings,Rush Yards,0,0,1,1,0.0,100.0,0.0
Alexander Mattison,RB,Minnesota Vikings,Rush+Rec Yds,1,0,0,1,100.0,0.0,0.0
Allen Lazard,WR,New York Jets,Receiving Yards,0,0,1,1,0.0,100.0,0.0
Alvin Kamara,RB,New Orleans Saints,Pass+Rush+Rec TDs,0,0,1,1,0.0,100.0,0.0
Alvin Kamara,RB,New Orleans Saints,Receiving Yards,1,0,0,1,100.0,0.0,0.0
Alvin Kamara,RB,New Orleans Saints,Rush Yards,1,0,0,1,100.0,0.0,0.0
Alvin Kamara,RB,New Orleans Saints,Rush+Rec Yds,1,0,0,1,100.0,0.0,0.0
Amari Cooper,WR,Cleveland Browns,Receiving Yards,1,0,0,1,100.0,0.0,0.0
Austin Ekeler,RB,Los Angeles Chargers,Rush Yards,0,0,1,1,0.0,100.0,0.0
Azeez Al-Shaair,LB,Tennessee Titans,Tackles+Ast,1,0,0,1,100.0,0.0,0.0
Baker Mayfield,QB,Tampa Bay Buccaneers,Pass Yards,0,0,1,1,0.0,100.0,0.0
Bijan Robinson,RB,Atlanta Falcons,Pass+Rush+Rec TDs,0,0,1,1,0.0,100.0,0.0
Bijan Robinson,RB,Atlanta Falcons,Receiving Yards,1,0,0,1,100.0,0.0,0.0
Bijan Robinson,RB,Atlanta Falcons,Rush Yards,0,0,1,1,0.0,100.0,0.0
Bijan Robinson,RB,Atlanta Falcons,Rush+Rec Yds,0,0,1,1,0.0,100.0,0.0
Blake Grupe,K,New Orleans Saints,Kicking Points,1,0,0,1,100.0,0.0,0.0
Brandon Aiyuk,WR,San Francisco 49ers,Receiving Yards,1,0,0,1,100.0,0.0,0.0
Brandon Johnson,WR,Denver Broncos,Receiving Yards,0,0,1,1,0.0,100.0,0.0
Brandon Powell,WR,Minnesota Vikings,Receiving Yards,0,0,1,1,0.0,100.0,0.0
Brandon Powell,WR,Minnesota Vikings,Receptions,1,0,0,1,100.0,0.0,0.0
Breece Hall,RB,New York Jets,Receiving Yards,1,0,0,1,100.0,0.0,0.0
Breece Hall,RB,New York Jets,Rush Yards,0,0,1,1,0.0,100.0,0.0
Breece Hall,RB,New York Jets,Rush+Rec Yds,1,0,0,1,100.0,0.0,0.0
Brett Maher,K,Los Angeles Rams,FG Made,1,0,0,1,100.0,0.0,0.0
Brett Maher,K,Los Angeles Rams,Kicking Points,1,0,0,1,100.0,0.0,0.0
Brian Burns,LB,Carolina Panthers,Sacks,0,0,1,1,0.0,100.0,0.0
Brian Robinson,RB,Washington Commanders,Rush Yards,0,0,1,1,0.0,100.0,0.0
Brock Purdy,QB,San Francisco 49ers,Pass Yards,0,0,1,1,0.0,100.0,0.0
Bryce Young,QB,Carolina Panthers,Pass Yards,1,0,0,1,100.0,0.0,0.0
Bryce Young,QB,Carolina Panthers,Pass+Rush Yds,0,0,1,1,0.0,100.0,0.0
Bryce Young,QB,Carolina Panthers,Rush Yards,0,0,1,1,0.0,100.0,0.0
CJ Mosley,LB,New York Jets,Tackles+Ast,0,0,1,1,0.0,100.0,0.0
CJ Stroud,QB,Houston Texans,Pass Yards,0,0,1,1,0.0,100.0,0.0
Cairo Santos,K,Chicago Bears,Kicking Points,1,0,0,1,100.0,0.0,0.0
Calvin Ridley,WR,Jacksonville Jaguars,Receiving Yards,0,0,1,1,0.0,100.0,0.0
Cam Akers,RB,Minnesota Vikings,Rush Yards,0,0,1,1,0.0,100.0,0.0
Cameron Dicker,P,Los Angeles Chargers,Kicking Points,0,0,1,1,0.0,100.0,0.0
Camryn Bynum,FS,Minnesota Vikings,Tackles+Ast,1,0,0,1,100.0,0.0,0.0
CeeDee Lamb,WR,Dallas Cowboys,Receiving Yards,1,0,0,1,100.0,0.0,0.0
Chad Ryland,K,New England Patriots,Kicking Points,0,0,1,1,0.0,100.0,0.0
Chigoziem Okonkwo,TE,Tennessee Titans,Receiving Yards,0,0,1,1,0.0,100.0,0.0
Chris Olave,WR,New Orleans Saints,Receiving Yards,1,0,0,1,100.0,0.0,0.0
Christian Kirk,WR,Jacksonville Jaguars,Receiving Yards,0,0,1,1,0.0,100.0,0.0
Cole Kmet,TE,Chicago Bears,Receiving Yards,0,0,1,1,0.0,100.0,0.0
Cooper Kupp,WR,Los Angeles Rams,Receiving Yards,1,0,0,1,100.0,0.0,0.0
Courtland Sutton,WR,Denver Broncos,Fantasy Score,1,0,0,1,100.0,0.0,0.0
Courtland Sutton,WR,Denver Broncos,Receiving Yards,1,0,0,1,100.0,0.0,0.0
Courtland Sutton,WR,Denver Broncos,Receptions,0,1,0,1,0.0,0.0,100.0
Curtis Samuel,WR,Washington Commanders,Receiving Yards,1,0,0,1,100.0,0.0,0.0
DAndre Swift,RB,Philadelphia Eagles,Pass+Rush+Rec TDs,1,0,0,1,100.0,0.0,0.0
DAndre Swift,RB,Philadelphia Eagles,Receiving Yards,1,0,0,1,100.0,0.0,0.0
DAndre Swift,RB,Philadelphia Eagles,Rush Attempts,0,0,1,1,0.0,100.0,0.0
DAndre Swift,RB,Philadelphia Eagles,Rush Yards,0,0,1,1,0.0,100.0,0.0
DAndre Swift,RB,Philadelphia Eagles,Rush+Rec Yds,0,0,1,1,0.0,100.0,0.0
DJ Chark,WR,Carolina Panthers,Receiving Yards,0,0,1,1,0.0,100.0,0.0
DJ Moore,WR,Chicago Bears,Receiving Yards,0,0,1,1,0.0,100.0,0.0
DK Metcalf,WR,Seattle Seahawks,Receiving Yards,1,0,0,1,100.0,0.0,0.0
Dak Prescott,QB,Dallas Cowboys,Pass Yards,1,0,0,1,100.0,0.0,0.0
Dallas Goedert,TE,Philadelphia Eagles,Receiving Yards,1,0,0,1,100.0,0.0,0.0
Dalvin Cook,RB,New York Jets,Rush Yards,0,0,1,1,0.0,100.0,0.0
Damarri Mathis,CB,Denver Broncos,Tackles+Ast,0,0,1,1,0.0,100.0,0.0
Daniel Carlson,K,Las Vegas Raiders,Kicking Points,1,0,0,1,100.0,0.0,0.0
Danielle Hunter,LB,Minnesota Vikings,Sacks,1,0,0,1,100.0,0.0,0.0
DeAndre Hopkins,WR,Tennessee Titans,Receiving Yards,0,0,1,1,0.0,100.0,0.0
DeAndre Hopkins,WR,Tennessee Titans,Receptions,0,0,1,1,0.0,100.0,0.0
DeVante Parker,WR,New England Patriots,Receiving Yards,0,0,1,1,0.0,100.0,0.0
DeVonta Smith,WR,Philadelphia Eagles,Receiving Yards,0,0,1,1,0.0,100.0,0.0
Deebo Samuel,WR,San Francisco 49ers,Receiving Yards,0,0,1,1,0.0,100.0,0.0
Denico Autry,DE,Tennessee Titans,Sacks,0,0,1,1,0.0,100.0,0.0
Derek Carr,QB,New Orleans Saints,Pass Yards,1,0,0,1,100.0,0.0,0.0
Derek Carr,QB,New Orleans Saints,Rush Yards,0,0,1,1,0.0,100.0,0.0
Derrick Brown,DE,Carolina Panthers,Tackles+Ast,0,0,1,1,0.0,100.0,0.0
Derrick Henry,RB,Tennessee Titans,Receiving Yards,1,0,0,1,100.0,0.0,0.0
Derrick Henry,RB,Tennessee Titans,Rush Attempts,0,0,1,1,0.0,100.0,0.0
Derrick Henry,RB,Tennessee Titans,Rush Yards,1,0,0,1,100.0,0.0,0.0
Derrick Henry,RB,Tennessee Titans,Rush+Rec Yds,1,0,0,1,100.0,0.0,0.0
Desmond Ridder,QB,Atlanta Falcons,Pass Yards,1,0,0,1,100.0,0.0,0.0
Desmond Ridder,QB,Atlanta Falcons,Pass+Rush Yds,1,0,0,1,100.0,0.0,0.0
Desmond Ridder,QB,Atlanta Falcons,Rush Yards,1,0,0,1,100.0,0.0,0.0
Divine Deablo,LB,Las Vegas Raiders,Tackles+Ast,0,0,1,1,0.0,100.0,0.0
Drake London,WR,Atlanta Falcons,Receiving Yards,1,0,0,1,100.0,0.0,0.0
Eddy Pineiro,K,Carolina Panthers,Kicking Points,0,0,1,1,0.0,100.0,0.0
Evan Engram,TE,Jacksonville Jaguars,Receiving Yards,1,0,0,1,100.0,0.0,0.0
Evan McPherson,K,Cincinnati Bengals,Kicking Points,0,0,1,1,0.0,100.0,0.0
Ezekiel Elliott,RB,New England Patriots,Receiving Yards,1,0,0,1,100.0,0.0,0.0
Ezekiel Elliott,RB,New England Patriots,Rush Yards,1,0,0,1,100.0,0.0,0.0
Ezekiel Elliott,RB,New England Patriots,Rush+Rec Yds,1,0,0,1,100.0,0.0,0.0
Gabriel Davis,WR,Buffalo Bills,Receiving Yards,0,0,1,1,0.0,100.0,0.0
Gardner Minshew,QB,Indianapolis Colts,Pass Yards,1,0,0,1,100.0,0.0,0.0
Gardner Minshew,QB,Indianapolis Colts,Pass+Rush Yds,1,0,0,1,100.0,0.0,0.0
Garrett Wilson,WR,New York Jets,Receiving Yards,1,0,0,1,100.0,0.0,0.0
Geno Smith,QB,Seattle Seahawks,Pass Attempts,1,0,0,1,100.0,0.0,0.0
Geno Smith,QB,Seattle Seahawks,Pass Completions,1,0,0,1,100.0,0.0,0.0
Geno Smith,QB,Seattle Seahawks,Pass Yards,1,0,0,1,100.0,0.0,0.0
Geno Smith,QB,Seattle Seahawks,Pass+Rush Yds,1,0,0,1,100.0,0.0,0.0
Geno Smith,QB,Seattle Seahawks,Rush Yards,1,0,0,1,100.0,0.0,0.0
George Karlaftis,DE,Kansas City Chiefs,Sacks,1,0,0,1,100.0,0.0,0.0
George Kittle,TE,San Francisco 49ers,Receiving Yards,0,0,1,1,0.0,100.0,0.0
Germaine Pratt,LB,Cincinnati Bengals,Tackles+Ast,0,0,1,1,0.0,100.0,0.0
Graham Gano,K,New York Giants,Kicking Points,1,0,0,1,100.0,0.0,0.0
Greg Joseph,K,Minnesota Vikings,Kicking Points,1,0,0,1,100.0,0.0,0.0
Gus Edwards,RB,Baltimore Ravens,Rush Yards,0,0,1,1,0.0,100.0,0.0
Harrison Butker,K,Kansas City Chiefs,FG Made,1,0,0,1,100.0,0.0,0.0
Harrison Butker,K,Kansas City Chiefs,Fantasy Score,1,0,0,1,100.0,0.0,0.0
Harrison Smith,SS,Minnesota Vikings,Tackles+Ast,0,0,1,1,0.0,100.0,0.0
Hayden Hurst,TE,Carolina Panthers,Receiving Yards,0,0,1,1,0.0,100.0,0.0
Hunter Henry,TE,New England Patriots,Receiving Yards,0,0,1,1,0.0,100.0,0.0
Isiah Pacheco,RB,Kansas City Chiefs,Fantasy Score,0,0,1,1,0.0,100.0,0.0
Isiah Pacheco,RB,Kansas City Chiefs,Pass+Rush+Rec TDs,0,0,1,1,0.0,100.0,0.0
Isiah Pacheco,RB,Kansas City Chiefs,Receiving Yards,1,0,0,1,100.0,0.0,0.0
Isiah Pacheco,RB,Kansas City Chiefs,Rush Attempts,0,0,1,1,0.0,100.0,0.0
Isiah Pacheco,RB,Kansas City Chiefs,Rush Yards,0,0,1,1,0.0,100.0,0.0
Isiah Pacheco,RB,Kansas City Chiefs,Rush+Rec Yds,1,0,0,1,100.0,0.0,0.0
JaMarr Chase,WR,Cincinnati Bengals,Pass+Rush+Rec TDs,0,0,1,1,0.0,100.0,0.0
JaMarr Chase,WR,Cincinnati Bengals,Receiving Yards,0,0,1,1,0.0,100.0,0.0
JaWhaun Bentley,LB,New England Patriots,Tackles+Ast,0,0,1,1,0.0,100.0,0.0
Jahan Dotson,WR,Washington Commanders,Receiving Yards,0,0,1,1,0.0,100.0,0.0
Jake Elliott,K,Philadelphia Eagles,FG Made,0,0,1,1,0.0,100.0,0.0
Jalen Carter,DT,Philadelphia Eagles,Sacks,0,0,1,1,0.0,100.0,0.0
Jalen Hurts,QB,Philadelphia Eagles,Pass Attempts,1,0,0,1,100.0,0.0,0.0
Jalen Hurts,QB,Philadelphia Eagles,Pass Completions,1,0,0,1,100.0,0.0,0.0
Jalen Hurts,QB,Philadelphia Eagles,Pass Yards,1,0,0,1,100.0,0.0,0.0
Jalen Hurts,QB,Philadelphia Eagles,Pass+Rush Yds,1,0,0,1,100.0,0.0,0.0
Jalen Hurts,QB,Philadelphia Eagles,Rush Yards,1,0,0,1,100.0,0.0,0.0
Jalen Hurts,QB,Philadelphia Eagles,Rush+Rec TDs,1,0,0,1,100.0,0.0,0.0
James Cook,RB,Buffalo Bills,Receiving Yards,0,0,1,1,0.0,100.0,0.0
James Cook,RB,Buffalo Bills,Rush Yards,1,0,0,1,100.0,0.0,0.0
James Cook,RB,Buffalo Bills,Rush+Rec Yds,0,0,1,1,0.0,100.0,0.0
Jason Sanders,K,Miami Dolphins,FG Made,0,0,1,1,0.0,100.0,0.0
Jason Sanders,K,Miami Dolphins,Kicking Points,0,0,1,1,0.0,100.0,0.0
Javonte Williams,RB,Denver Broncos,Fantasy Score,0,0,1,1,0.0,100.0,0.0
Javonte Williams,RB,Denver Broncos,Receiving Yards,0,0,1,1,0.0,100.0,0.0
Javonte Williams,RB,Denver Broncos,Rush Yards,1,0,0,1,100.0,0.0,0.0
Javonte Williams,RB,Denver Broncos,Rush+Rec Yds,1,0,0,1,100.0,0.0,0.0
Jaylen Waddle,WR,Miami Dolphins,Receiving Yards,0,0,1,1,0.0,100.0,0.0
Jeffery Simmons,DT,Tennessee Titans,Sacks,0,0,1,1,0.0,100.0,0.0
Jeffery Simmons,DT,Tennessee Titans,Tackles+Ast,0,0,1,1,0.0,100.0,0.0
Jerick McKinnon,RB,Kansas City Chiefs,Receiving Yards,1,0,0,1,100.0,0.0,0.0
Jerick McKinnon,RB,Kansas City Chiefs,Rush Yards,0,0,1,1,0.0,100.0,0.0
Jerick McKinnon,RB,Kansas City Chiefs,Rush+Rec Yds,0,0,1,1,0.0,100.0,0.0
Jerry Jeudy,WR,Denver Broncos,Fantasy Score,0,0,1,1,0.0,100.0,0.0
Jerry Jeudy,WR,Denver Broncos,Receiving Yards,0,0,1,1,0.0,100.0,0.0
Jimmy Garoppolo,QB,Las Vegas Raiders,INT,2,0,0,2,100.0,0.0,0.0
Jimmy Garoppolo,QB,Las Vegas Raiders,Pass Yards,0,0,1,1,0.0,100.0,0.0
Jimmy Garoppolo,QB,Las Vegas Raiders,Pass+Rush Yds,0,0,1,1,0.0,100.0,0.0
Jimmy Garoppolo,QB,Las Vegas Raiders,Rush Yards,0,0,1,1,0.0,100.0,0.0
Joe Burrow,QB,Cincinnati Bengals,Pass Attempts,0,0,1,1,0.0,100.0,0.0
Joe Burrow,QB,Cincinnati Bengals,Pass Completions,0,0,1,1,0.0,100.0,0.0
Joe Burrow,QB,Cincinnati Bengals,Pass Yards,0,0,1,1,0.0,100.0,0.0
Joe Burrow,QB,Cincinnati Bengals,Pass+Rush Yds,0,0,1,1,0.0,100.0,0.0
Joe Mixon,RB,Cincinnati Bengals,Pass+Rush+Rec TDs,0,0,1,1,0.0,100.0,0.0
Joe Mixon,RB,Cincinnati Bengals,Receiving Yards,1,0,0,1,100.0,0.0,0.0
Joe Mixon,RB,Cincinnati Bengals,Rush Attempts,0,0,1,1,0.0,100.0,0.0
Joe Mixon,RB,Cincinnati Bengals,Rush Yards,0,0,1,1,0.0,100.0,0.0
Joe Mixon,RB,Cincinnati Bengals,Rush+Rec Yds,0,0,1,1,0.0,100.0,0.0
Jonathan Mingo,WR,Carolina Panthers,Receiving Yards,0,0,1,1,0.0,100.0,0.0
Jordan Addison,WR,Minnesota Vikings,Receiving Yards,0,0,1,1,0.0,100.0,0.0
Jordan Hicks,LB,Minnesota Vikings,Tackles+Ast,1,0,0,1,100.0,0.0,0.0
Jordan Whitehead,SS,New York Jets,Tackles+Ast,0,0,1,1,0.0,100.0,0.0
Josey Jewell,LB,Denver Broncos,Tackles+Ast,1,0,0,1,100.0,0.0,0.0
Josh Allen,QB,Buffalo Bills,INT,1,0,0,1,100.0,0.0,0.0
Josh Allen,QB,Buffalo Bills,Pass Yards,0,0,1,1,0.0,100.0,0.0
Josh Allen,QB,Buffalo Bills,Pass+Rush Yds,0,0,1,1,0.0,100.0,0.0
Josh Allen,QB,Buffalo Bills,Rush Yards,0,0,1,1,0.0,100.0,0.0
Josh Downs,WR,Indianapolis Colts,Receiving Yards,0,0,1,1,0.0,100.0,0.0
Josh Jacobs,RB,Las Vegas Raiders,Pass+Rush+Rec TDs,0,0,1,1,0.0,100.0,0.0
Josh Jacobs,RB,Las Vegas Raiders,Receiving Yards,0,0,1,1,0.0,100.0,0.0
Josh Jacobs,RB,Las Vegas Raiders,Rush Yards,1,0,0,1,100.0,0.0,0.0
Josh Jacobs,RB,Las Vegas Raiders,Rush+Rec Yds,0,0,1,1,0.0,100.0,0.0
Josh Metellus,SS,Minnesota Vikings,Tackles+Ast,1,0,0,1,100.0,0.0,0.0
Josh Oliver,TE,Minnesota Vikings,Receiving Yards,0,0,1,1,0.0,100.0,0.0
Josh Palmer,WR,Los Angeles Chargers,Receiving Yards,1,0,0,1,100.0,0.0,0.0
Joshua Dobbs,QB,Arizona Cardinals,Pass Yards,1,0,0,1,100.0,0.0,0.0
Justice Hill,RB,Baltimore Ravens,Receiving Yards,0,0,1,1,0.0,100.0,0.0
Justice Hill,RB,Baltimore Ravens,Rush Yards,1,0,0,1,100.0,0.0,0.0
Justin Fields,QB,Chicago Bears,INT,1,0,0,1,100.0,0.0,0.0
Justin Fields,QB,Chicago Bears,Pass Attempts,0,0,1,1,0.0,100.0,0.0
Justin Fields,QB,Chicago Bears,Pass Completions,0,0,1,1,0.0,100.0,0.0
Justin Fields,QB,Chicago Bears,Pass Yards,0,0,1,1,0.0,100.0,0.0
Justin Fields,QB,Chicago Bears,Pass+Rush Yds,0,0,1,1,0.0,100.0,0.0
Justin Fields,QB,Chicago Bears,Pass+Rush+Rec TDs,0,0,1,1,0.0,100.0,0.0
Justin Fields,QB,Chicago Bears,Rush Attempts,0,0,1,1,0.0,100.0,0.0
Justin Fields,QB,Chicago Bears,Rush Yards,0,0,1,1,0.0,100.0,0.0
Justin Herbert,QB,Los Angeles Chargers,Pass Yards,0,0,1,1,0.0,100.0,0.0
Justin Reid,FS,Kansas City Chiefs,Tackles+Ast,0,1,0,1,0.0,0.0,100.0
Justin Simmons,FS,Denver Broncos,Tackles+Ast,0,0,1,1,0.0,100.0,0.0
Justin Tucker,K,Baltimore Ravens,FG Made,1,0,0,1,100.0,0.0,0.0
Justin Tucker,K,Baltimore Ravens,Kicking Points,1,0,0,1,100.0,0.0,0.0
Justin Watson,WR,Kansas City Chiefs,Receiving Yards,0,0,1,1,0.0,100.0,0.0
Justin Watson,WR,Kansas City Chiefs,Receptions,0,0,1,1,0.0,100.0,0.0
KJ Osborn,WR,Minnesota Vikings,Receiving Yards,1,0,0,1,100.0,0.0,0.0
KJ Osborn,WR,Minnesota Vikings,Receptions,1,0,0,1,100.0,0.0,0.0
Kadarius Toney,WR,Kansas City Chiefs,Receiving Yards,0,0,1,1,0.0,100.0,0.0
Kaimi Fairbairn,K,Houston Texans,FG Made,1,0,0,1,100.0,0.0,0.0
Kaimi Fairbairn,K,Houston Texans,Kicking Points,1,0,0,1,100.0,0.0,0.0
Kareem Jackson,SS,Denver Broncos,Tackles+Ast,0,0,1,1,0.0,100.0,0.0
Keenan Allen,WR,Los Angeles Chargers,Receiving Yards,1,0,0,1,100.0,0.0,0.0
Kendrick Bourne,WR,New England Patriots,Receiving Yards,1,0,0,1,100.0,0.0,0.0
Kenneth Walker I,RB,Seattle Seahawks,Receiving Yards,1,0,0,1,100.0,0.0,0.0
Kenneth Walker I,RB,Seattle Seahawks,Rush Attempts,1,0,0,1,100.0,0.0,0.0
Kenneth Walker I,RB,Seattle Seahawks,Rush Yards,0,0,1,1,0.0,100.0,0.0
Kenneth Walker I,RB,Seattle Seahawks,Rush+Rec Yds,1,0,0,1,100.0,0.0,0.0
Kenny Gainwell,RB,Philadelphia Eagles,Receiving Yards,0,0,1,1,0.0,100.0,0.0
Kenny Gainwell,RB,Philadelphia Eagles,Rush Yards,0,0,1,1,0.0,100.0,0.0
Kenny Gainwell,RB,Philadelphia Eagles,Rush+Rec Yds,0,0,1,1,0.0,100.0,0.0
Kirk Cousins,QB,Minnesota Vikings,Pass Attempts,0,0,1,1,0.0,100.0,0.0
Kirk Cousins,QB,Minnesota Vikings,Pass Completions,0,0,1,1,0.0,100.0,0.0
Kirk Cousins,QB,Minnesota Vikings,Pass TDs,0,0,1,1,0.0,100.0,0.0
Kirk Cousins,QB,Minnesota Vikings,Pass Yards,0,0,1,1,0.0,100.0,0.0
Kirk Cousins,QB,Minnesota Vikings,Pass+Rush Yds,0,0,1,1,0.0,100.0,0.0
Kirk Cousins,QB,Minnesota Vikings,Rush Yards,0,0,1,1,0.0,100.0,0.0
Kyle Pitts,TE,Atlanta Falcons,Receiving Yards,1,0,0,1,100.0,0.0,0.0
Kyren Williams,RB,Los Angeles Rams,Pass+Rush+Rec TDs,1,0,0,1,100.0,0.0,0.0
Lamar Jackson,QB,Baltimore Ravens,INT,1,0,0,1,100.0,0.0,0.0
Lamar Jackson,QB,Baltimore Ravens,Pass Attempts,1,0,0,1,100.0,0.0,0.0
Lamar Jackson,QB,Baltimore Ravens,Pass Completions,1,0,0,1,100.0,0.0,0.0
Lamar Jackson,QB,Baltimore Ravens,Pass Yards,0,0,1,1,0.0,100.0,0.0
Lamar Jackson,QB,Baltimore Ravens,Pass+Rush Yds,1,0,0,1,100.0,0.0,0.0
Lamar Jackson,QB,Baltimore Ravens,Pass+Rush+Rec TDs,0,0,1,1,0.0,100.0,0.0
Lamar Jackson,QB,Baltimore Ravens,Rush Attempts,1,0,0,1,100.0,0.0,0.0
Lamar Jackson,QB,Baltimore Ravens,Rush Yards,1,0,0,1,100.0,0.0,0.0
Logan Thomas,TE,Washington Commanders,Receiving Yards,0,0,1,1,0.0,100.0,0.0
Mac Jones,QB,New England Patriots,Pass Yards,0,0,1,1,0.0,100.0,0.0
Mac Jones,QB,New England Patriots,Pass+Rush Yds,0,0,1,1,0.0,100.0,0.0
Mac Jones,QB,New England Patriots,Rush Yards,0,0,1,1,0.0,100.0,0.0
Marcus Davenport,DE,Minnesota Vikings,Sacks,0,0,1,1,0.0,100.0,0.0
Mark Andrews,TE,Baltimore Ravens,Receiving Yards,1,0,0,1,100.0,0.0,0.0
Mark Andrews,TE,Baltimore Ravens,Receptions,0,0,1,1,0.0,100.0,0.0
Marquez Valdes-Scantling,WR,Kansas City Chiefs,Receiving Yards,0,0,1,1,0.0,100.0,0.0
Marquez Valdes-Scantling,WR,Kansas City Chiefs,Receptions,0,0,1,1,0.0,100.0,0.0
Marquise Brown,WR,Arizona Cardinals,Receiving Yards,0,0,1,1,0.0,100.0,0.0
Marvin Mims,WR,Denver Broncos,Receiving Yards,0,0,1,1,0.0,100.0,0.0
Matt Prater,K,Arizona Cardinals,FG Made,1,0,0,1,100.0,0.0,0.0
Matt Prater,K,Arizona Cardinals,Kicking Points,1,0,0,1,100.0,0.0,0.0
Matthew Stafford,QB,Los Angeles Rams,Pass Yards,0,0,1,1,0.0,100.0,0.0
Maxx Crosby,DE,Las Vegas Raiders,Sacks,0,0,1,1,0.0,100.0,0.0
Michael Pittman,WR,Indianapolis Colts,Receiving Yards,1,0,0,1,100.0,0.0,0.0
Michael Thomas,WR,New Orleans Saints,Receiving Yards,0,0,1,1,0.0,100.0,0.0
Mike Danna,DE,Kansas City Chiefs,Sacks,0,0,1,1,0.0,100.0,0.0
Mike Evans,WR,Tampa Bay Buccaneers,Receiving Yards,0,0,1,1,0.0,100.0,0.0
Mike Gesicki,TE,New England Patriots,Receiving Yards,1,0,0,1,100.0,0.0,0.0
Nick Bolton,LB,Kansas City Chiefs,Tackles+Ast,0,0,1,1,0.0,100.0,0.0
Noah Fant,TE,Seattle Seahawks,Receiving Yards,0,0,1,1,0.0,100.0,0.0
Patrick Mahomes,QB,Kansas City Chiefs,Fantasy Score,0,0,1,1,0.0,100.0,0.0
Patrick Mahomes,QB,Kansas City Chiefs,INT,1,0,0,1,100.0,0.0,0.0
Patrick Mahomes,QB,Kansas City Chiefs,Pass Attempts,1,0,0,1,100.0,0.0,0.0
Patrick Mahomes,QB,Kansas City Chiefs,Pass Yards,1,0,0,1,100.0,0.0,0.0
Patrick Mahomes,QB,Kansas City Chiefs,Pass+Rush Yds,1,0,0,1,100.0,0.0,0.0
Patrick Mahomes,QB,Kansas City Chiefs,Pass+Rush+Rec TDs,0,0,1,1,0.0,100.0,0.0
Patrick Mahomes,QB,Kansas City Chiefs,Rush Yards,1,0,0,1,100.0,0.0,0.0
Patrick Queen,LB,Baltimore Ravens,Tackles+Ast,1,0,0,1,100.0,0.0,0.0
Patrick Surtain,CB,Denver Broncos,Tackles+Ast,0,0,1,1,0.0,100.0,0.0
Puka Nacua,WR,Los Angeles Rams,Receiving Yards,0,0,1,1,0.0,100.0,0.0
Quez Watkins,WR,Philadelphia Eagles,Receiving Yards,0,0,1,1,0.0,100.0,0.0
Quincy Williams,LB,New York Jets,Tackles+Ast,1,0,0,1,100.0,0.0,0.0
Rachaad White,RB,Tampa Bay Buccaneers,Rush Yards,0,0,1,1,0.0,100.0,0.0
Rashee Rice,WR,Kansas City Chiefs,Fantasy Score,0,0,1,1,0.0,100.0,0.0
Rashee Rice,WR,Kansas City Chiefs,Receiving Yards,1,0,0,1,100.0,0.0,0.0
Rashee Rice,WR,Kansas City Chiefs,Receptions,1,0,0,1,100.0,0.0,0.0
Rashid Shaheed,WR,New Orleans Saints,Receiving Yards,1,0,0,1,100.0,0.0,0.0
Rhamondre Stevenson,RB,New England Patriots,Receiving Yards,1,0,0,1,100.0,0.0,0.0
Rhamondre Stevenson,RB,New England Patriots,Rush Yards,1,0,0,1,100.0,0.0,0.0
Rhamondre Stevenson,RB,New England Patriots,Rush+Rec Yds,1,0,0,1,100.0,0.0,0.0
Riley Dixon,P,Denver Broncos,Punts,1,0,0,1,100.0,0.0,0.0
Robert Woods,WR,Houston Texans,Receiving Yards,0,0,1,1,0.0,100.0,0.0
Roger McCreary,CB,Tennessee Titans,Tackles+Ast,0,0,1,1,0.0,100.0,0.0
Russell Wilson,QB,Denver Broncos,Fantasy Score,0,0,1,1,0.0,100.0,0.0
Russell Wilson,QB,Denver Broncos,INT,1,0,0,1,100.0,0.0,0.0
Russell Wilson,QB,Denver Broncos,Pass Attempts,0,0,1,1,0.0,100.0,0.0
Russell Wilson,QB,Denver Broncos,Pass Completions,0,0,1,1,0.0,100.0,0.0
Russell Wilson,QB,Denver Broncos,Pass Yards,0,0,1,1,0.0,100.0,0.0
Russell Wilson,QB,Denver Broncos,Pass+Rush Yds,0,0,1,1,0.0,100.0,0.0
Russell Wilson,QB,Denver Broncos,Pass+Rush+Rec TDs,0,0,1,1,0.0,100.0,0.0
Russell Wilson,QB,Denver Broncos,Rush Attempts,1,0,0,1,100.0,0.0,0.0
Russell Wilson,QB,Denver Broncos,Rush Yards,1,0,0,1,100.0,0.0,0.0
Ryan Tannehill,QB,Tennessee Titans,INT,1,0,0,1,100.0,0.0,0.0
Ryan Tannehill,QB,Tennessee Titans,Pass Attempts,0,0,1,1,0.0,100.0,0.0
Ryan Tannehill,QB,Tennessee Titans,Pass Completions,0,0,1,1,0.0,100.0,0.0
Ryan Tannehill,QB,Tennessee Titans,Pass Yards,0,0,1,1,0.0,100.0,0.0
Ryan Tannehill,QB,Tennessee Titans,Pass+Rush Yds,0,0,1,1,0.0,100.0,0.0
Ryan Tannehill,QB,Tennessee Titans,Pass+Rush+Rec TDs,0,0,1,1,0.0,100.0,0.0
Ryan Tannehill,QB,Tennessee Titans,Rush Yards,0,0,1,1,0.0,100.0,0.0
Sam Howell,QB,Washington Commanders,Pass Yards,0,0,1,1,0.0,100.0,0.0
Sam Howell,QB,Washington Commanders,Pass+Rush+Rec TDs,1,0,0,1,100.0,0.0,0.0
Skyy Moore,WR,Kansas City Chiefs,Receiving Yards,0,0,1,1,0.0,100.0,0.0
Stefon Diggs,WR,Buffalo Bills,Pass+Rush+Rec TDs,0,0,1,1,0.0,100.0,0.0
Stefon Diggs,WR,Buffalo Bills,Receiving Yards,1,0,0,1,100.0,0.0,0.0
TJ Edwards,LB,Chicago Bears,Tackles+Ast,0,0,1,1,0.0,100.0,0.0
TJ Hockenson,TE,Minnesota Vikings,Receiving Yards,0,0,1,1,0.0,100.0,0.0
Terry McLaurin,WR,Washington Commanders,Receiving Yards,1,0,0,1,100.0,0.0,0.0
Tommy Townsend,P,Kansas City Chiefs,Punts,0,0,1,1,0.0,100.0,0.0
Tony Pollard,RB,Dallas Cowboys,Rush Yards,0,0,1,1,0.0,100.0,0.0
Travis Etienne,RB,Jacksonville Jaguars,Pass+Rush+Rec TDs,1,0,0,1,100.0,0.0,0.0
Travis Etienne,RB,Jacksonville Jaguars,Receiving Yards,1,0,0,1,100.0,0.0,0.0
Travis Etienne,RB,Jacksonville Jaguars,Rush Yards,0,0,1,1,0.0,100.0,0.0
Travis Etienne,RB,Jacksonville Jaguars,Rush+Rec Yds,0,0,1,1,0.0,100.0,0.0
Travis Kelce,TE,Kansas City Chiefs,Fantasy Score,0,0,1,1,0.0,100.0,0.0
Travis Kelce,TE,Kansas City Chiefs,Pass+Rush+Rec TDs,0,0,1,1,0.0,100.0,0.0
Travis Kelce,TE,Kansas City Chiefs,Receiving Yards,1,0,0,1,100.0,0.0,0.0
Travis Kelce,TE,Kansas City Chiefs,Receptions,1,0,0,1,100.0,0.0,0.0
Trent McDuffie,CB,Kansas City Chiefs,Tackles+Ast,0,0,1,1,0.0,100.0,0.0
Trevon Moehrig,SS,Las Vegas Raiders,Tackles+Ast,0,0,1,1,0.0,100.0,0.0
Trevor Lawrence,QB,Jacksonville Jaguars,Pass TDs,1,0,0,1,100.0,0.0,0.0
Trevor Lawrence,QB,Jacksonville Jaguars,Pass Yards,0,0,1,1,0.0,100.0,0.0
Trevor Lawrence,QB,Jacksonville Jaguars,Pass+Rush Yds,0,0,1,1,0.0,100.0,0.0
Trevor Lawrence,QB,Jacksonville Jaguars,Rush Yards,0,0,1,1,0.0,100.0,0.0
Trey Hendrickson,DE,Cincinnati Bengals,Sacks,1,0,0,1,100.0,0.0,0.0
Tua Tagovailoa,QB,Miami Dolphins,INT,0,0,1,1,0.0,100.0,0.0
Tua Tagovailoa,QB,Miami Dolphins,Pass Yards,0,0,1,1,0.0,100.0,0.0
Tua Tagovailoa,QB,Miami Dolphins,Pass+Rush Yds,0,0,1,1,0.0,100.0,0.0
Tua Tagovailoa,QB,Miami Dolphins,Rush Yards,0,0,1,1,0.0,100.0,0.0
Tyjae Spears,RB,Tennessee Titans,Receiving Yards,1,0,0,1,100.0,0.0,0.0
Tyjae Spears,RB,Tennessee Titans,Rush Yards,0,0,1,1,0.0,100.0,0.0
Tyjae Spears,RB,Tennessee Titans,Rush+Rec Yds,1,0,0,1,100.0,0.0,0.0
Tyler Conklin,TE,New York Jets,Receiving Yards,0,0,1,1,0.0,100.0,0.0
Tyler Higbee,TE,Los Angeles Rams,Receiving Yards,0,0,1,1,0.0,100.0,0.0
Tyler Lockett,WR,Seattle Seahawks,Receiving Yards,1,0,0,1,100.0,0.0,0.0
Tyreek Hill,WR,Miami Dolphins,Pass+Rush+Rec TDs,1,0,0,1,100.0,0.0,0.0
Tyreek Hill,WR,Miami Dolphins,Receiving Yards,1,0,0,1,100.0,0.0,0.0
Wil Lutz,K,Denver Broncos,Fantasy Score,0,0,1,1,0.0,100.0,0.0
Wil Lutz,K,Denver Broncos,Kicking Points,0,0,1,1,0.0,100.0,0.0
Willie Gay,LB,Kansas City Chiefs,Tackles+Ast,1,0,0,1,100.0,0.0,0.0
Younghoe Koo,K,Atlanta Falcons,FG Made,0,0,1,1,0.0,100.0,0.0
Younghoe Koo,K,Atlanta Falcons,Kicking Points,0,0,1,1,0.0,100.0,0.0
Zach Wilson,QB,New York Jets,Pass Attempts,1,0,0,1,100.0,0.0,0.0
Zach Wilson,QB,New York Jets,Pass Completions,1,0,0,1,100.0,0.0,0.0
Zach Wilson,QB,New York Jets,Pass Yards,0,0,1,1,0.0,100.0,0.0
Zach Wilson,QB,New York Jets,Pass+Rush Yds,0,0,1,1,0.0,100.0,0.0
Zach Wilson,QB,New York Jets,Rush Yards,1,0,0,1,100.0,0.0,0.0
Zack Moss,RB,Indianapolis Colts,Rush Yards,0,0,1,1,0.0,100.0,0.0
Zay Flowers,WR,Baltimore Ravens,Receiving Yards,0,0,1,1,0.0,100.0,0.0
Zay Flowers,WR,Baltimore Ravens,Receptions,1,0,0,1,100.0,0.0,0.0
