prop,Over,Tie,Under,Total,Over %,Under %,Tie %
Fantasy Score,6,0,8,14,42.86,57.14,0.0
INT,1,0,0,1,100.0,0.0,0.0
Kicking Points,0,0,1,1,0.0,100.0,0.0
Pass Attempts,1,0,1,2,50.0,50.0,0.0
Pass Completions,0,0,2,2,0.0,100.0,0.0
Pass TDs,0,0,1,1,0.0,100.0,0.0
Pass Yards,1,0,1,2,50.0,50.0,0.0
Pass+Rush Yds,1,0,1,2,50.0,50.0,0.0
Pass+Rush+Rec TDs,0,0,1,1,0.0,100.0,0.0
Punts,1,0,1,2,50.0,50.0,0.0
Rec Targets,3,0,3,6,50.0,50.0,0.0
Receiving Yards,6,0,3,9,66.67,33.33,0.0
Receptions,2,3,1,6,33.33,16.67,50.0
Rush Attempts,0,0,1,1,0.0,100.0,0.0
Rush Yards,2,0,2,4,50.0,50.0,0.0
Rush+Rec Yds,1,0,1,2,50.0,50.0,0.0
Sacks,2,0,0,2,100.0,0.0,0.0
Tackles+Ast,2,1,3,6,33.33,50.0,16.67
